ticker,name,exchange_name,industry,share_per_unit,nikkei225
1301,(株)極洋,東証1部,水産・農林業,100,
1333,マルハニチロ(株),東証1部,水産・農林業,100,1.0
1352,(株)ホウスイ,東証1部,卸売業,100,
1376,カネコ種苗(株),東証1部,水産・農林業,100,
1379,ホクト(株),東証1部,水産・農林業,100,
1380,(株)秋川牧園,東証JQS,水産・農林業,100,
1381,(株)アクシーズ,東証JQS,水産・農林業,100,
1384,(株)ホクリヨウ,東証1部,水産・農林業,100,
1418,インターライフホールディングス(株),東証JQS,建設業,100,
1420,サンヨーホームズ(株),東証1部,建設業,100,
1430,ファーストコーポレーション(株),東証1部,建設業,100,
1433,ベステラ(株),東証1部,建設業,100,
1436,(株)フィット,マザーズ,建設業,100,
1448,(株)スペースバリューホールディングス,東証1部,建設業,100,
1450,田中建設工業(株),東証JQS,建設業,100,
1451,(株)ＫＨＣ,東証2部,建設業,100,
1716,第一カッター興業(株),東証1部,建設業,100,
1717,明豊ファシリティワークス(株),東証1部,建設業,100,
1723,日本電技(株),東証JQS,建設業,100,
1728,ミサワホーム中国(株),東証JQS,建設業,100,
1730,麻生フオームクリート(株),東証JQS,建設業,100,
1736,(株)オーテック,東証JQS,建設業,100,
1737,三井金属エンジニアリング(株),東証2部,建設業,100,
1758,太洋基礎工業(株),東証JQS,建設業,100,
1764,工藤建設(株),東証2部,建設業,100,
1768,(株)ソネック,東証1部,建設業,100,
1770,藤田エンジニアリング(株),東証JQS,建設業,100,
1775,富士古河Ｅ＆Ｃ(株),東証2部,建設業,100,
1782,常磐開発(株),東証JQS,建設業,100,
1787,(株)ナカボーテック,東証JQS,建設業,100,
1788,(株)三東工業社,東証JQS,建設業,100,
1793,(株)大本組,東証JQS,建設業,100,
1798,(株)守谷商会,東証JQS,建設業,100,
1807,(株)佐藤渡辺,東証JQS,建設業,100,
1811,(株)錢高組,東証1部,建設業,100,
1813,(株)不動テトラ,東証1部,建設業,100,
1815,鉄建建設(株),東証1部,建設業,100,
1824,前田建設工業(株),東証1部,建設業,100,
1841,サンユー建設(株),東証JQS,建設業,100,
1847,(株)イチケン,東証1部,建設業,100,
1848,(株)富士ピー・エス,東証1部,建設業,100,
1852,(株)淺沼組,東証1部,建設業,100,
1866,北野建設(株),東証1部,建設業,100,
1867,(株)植木組,東証1部,建設業,100,
1882,東亜道路工業(株),東証1部,建設業,100,
1883,前田道路(株),東証1部,建設業,100,
1884,日本道路(株),東証1部,建設業,100,
1885,東亜建設工業(株),東証1部,建設業,100,
1904,大成温調(株),東証JQS,建設業,100,
1905,(株)テノックス,東証JQS,建設業,100,
1914,日本基礎技術(株),東証1部,建設業,100,
1934,(株)ユアテック,東証1部,建設業,100,
1939,(株)四電工,東証1部,建設業,100,
1941,(株)中電工,東証1部,建設業,100,
1945,(株)東京エネシス,東証1部,建設業,100,
1948,(株)弘電社,東証2部,建設業,100,
1960,(株)サンテック,東証2部,建設業,100,
1963,日揮ホールディングス(株),東証1部,建設業,100,1.0
1964,中外炉工業(株),東証1部,建設業,100,
1971,中央ビルト工業(株),東証2部,金属製品,100,
1972,三晃金属工業(株),東証1部,建設業,100,
1975,(株)朝日工業社,東証1部,建設業,100,
1992,神田通信機(株),東証JQS,建設業,100,
2003,日東富士製粉(株),東証1部,食料品,100,
2055,日和産業(株),東証2部,食料品,100,
2108,日本甜菜製糖(株),東証1部,食料品,100,
2109,三井製糖(株),東証1部,食料品,100,
2117,日新製糖(株),東証1部,食料品,100,
2130,(株)メンバーズ,東証1部,サービス業,100,
2148,アイティメディア(株),東証1部,サービス業,100,
2151,(株)タケエイ,東証1部,サービス業,100,
2152,幼児活動研究会(株),東証JQS,サービス業,100,
2153,Ｅ・Ｊホールディングス(株),東証1部,サービス業,100,
2156,セーラー広告(株),東証JQS,サービス業,100,
2162,ｎｍｓホールディングス(株),東証JQS,サービス業,100,
2163,(株)アルトナー,東証1部,サービス業,100,
2178,(株)トライステージ,マザーズ,サービス業,100,
2179,(株)成学社,東証JQS,サービス業,100,
2180,(株)サニーサイドアップグループ,東証1部,サービス業,100,
2186,ソーバル(株),東証JQS,サービス業,100,
2196,(株)エスクリ,東証1部,サービス業,100,
2204,(株)中村屋,東証1部,食料品,100,
2207,名糖産業(株),東証1部,食料品,100,
2208,(株)ブルボン,東証2部,食料品,100,
2209,井村屋グループ(株),東証1部,食料品,100,
2217,モロゾフ(株),東証1部,食料品,100,
2221,岩塚製菓(株),東証JQS,食料品,100,
2222,寿スピリッツ(株),東証1部,食料品,100,
2226,(株)湖池屋,東証JQS,食料品,100,
2282,日本ハム(株),東証1部,食料品,100,1.0
2286,林兼産業(株),東証1部,食料品,100,
2288,丸大食品(株),東証1部,食料品,100,
2294,(株)柿安本店,東証1部,食料品,100,
2300,(株)きょくとう,東証JQS,サービス業,100,
2303,(株)ドーン,東証JQS,情報・通信,100,
2305,(株)スタジオアリス,東証1部,サービス業,100,
2307,(株)クロスキャット,東証1部,情報・通信,100,
2326,デジタルアーツ(株),東証1部,情報・通信,100,
2329,(株)東北新社,東証JQS,情報・通信,100,
2332,(株)クエスト,東証JQS,情報・通信,100,
2335,(株)キューブシステム,東証1部,情報・通信,100,
2341,(株)アルバイトタイムス,東証JQS,サービス業,100,
2349,(株)エヌアイデイ,東証JQS,情報・通信,100,
2351,(株)ＡＳＪ,マザーズ,情報・通信,100,
2352,(株)エイジア,東証1部,情報・通信,100,
2359,(株)コア,東証1部,情報・通信,100,
2376,(株)サイネックス,東証1部,サービス業,100,
2379,ディップ(株),東証1部,サービス業,100,
2393,(株)日本ケアサプライ,東証2部,サービス業,100,
2411,ゲンダイエージェンシー(株),東証JQS,情報・通信,100,
2425,(株)ケアサービス,東証JQG,サービス業,100,
2428,ウェルネット(株),東証1部,サービス業,100,
2432,(株)ディー・エヌ・エー,東証1部,サービス業,100,1.0
2435,(株)シダー,東証JQS,サービス業,100,
2437,Ｓｈｉｎｗａ　Ｗｉｓｅ　Ｈｏｌｄｉｎｇｓ(株),東証JQS,サービス業,100,
2438,(株)アスカネット,マザーズ,サービス業,100,
2464,(株)ビジネス・ブレークスルー,東証1部,サービス業,100,
2468,(株)フュートレック,東証2部,サービス業,100,
2469,ヒビノ(株),東証JQS,サービス業,100,
2475,ＷＤＢホールディングス(株),東証1部,サービス業,100,
2477,手間いらず(株),東証1部,サービス業,100,
2480,システム・ロケーション(株),東証JQS,サービス業,100,
2481,(株)タウンニュース社,東証JQS,サービス業,100,
2483,(株)翻訳センター,東証JQS,サービス業,100,
2487,(株)ＣＤＧ,東証1部,サービス業,100,
2488,日本サード・パーティ(株),東証JQS,サービス業,100,
2489,(株)アドウェイズ,マザーズ,サービス業,100,
2540,養命酒製造(株),東証1部,食料品,100,
2590,ダイドーグループホールディングス(株),東証1部,食料品,100,
2594,キーコーヒー(株),東証1部,食料品,100,
2599,ジャパンフーズ(株),東証1部,食料品,100,
2612,かどや製油(株),東証1部,食料品,100,
2651,(株)ローソン,東証1部,小売業,100,
2653,イオン九州(株),東証JQS,小売業,100,
2654,(株)アスモ,東証2部,小売業,100,
2664,(株)カワチ薬品,東証1部,小売業,100,
2668,タビオ(株),東証2部,卸売業,100,
2669,カネ美食品(株),東証JQS,小売業,100,
2674,(株)ハードオフコーポレーション,東証1部,小売業,100,
2676,高千穂交易(株),東証1部,卸売業,100,
2686,(株)ジーフット,東証1部,小売業,100,
2687,(株)シー・ヴイ・エス・ベイエリア,東証1部,小売業,100,
2689,(株)カワニシホールディングス,東証1部,卸売業,100,
2692,伊藤忠食品(株),東証1部,卸売業,100,
2705,(株)大戸屋ホールディングス,東証JQS,小売業,100,
2706,(株)ブロッコリー,東証JQS,その他製品,100,
2708,(株)久世,東証JQS,卸売業,100,
2714,プラマテルズ(株),東証JQS,卸売業,100,
2730,(株)エディオン,東証1部,小売業,100,
2733,(株)あらた,東証1部,卸売業,100,
2737,(株)トーメンデバイス,東証1部,卸売業,100,
2747,北雄ラッキー(株),東証JQS,小売業,100,
2750,石光商事(株),東証JQS,卸売業,100,
2753,(株)あみやき亭,東証1部,小売業,100,
2754,(株)東葛ホールディングス,東証JQS,小売業,100,
2760,東京エレクトロン　デバイス(株),東証1部,卸売業,100,
2761,トシン・グループ(株),東証JQS,卸売業,100,
2767,フィールズ(株),東証1部,卸売業,100,
2768,双日(株),東証1部,卸売業,100,1.0
2769,(株)ヴィレッジヴァンガードコーポレーション,東証JQS,小売業,100,
2773,(株)ミューチュアル,東証JQS,機械,100,
2778,パレモ・ホールディングス(株),東証2部,小売業,100,
2780,(株)コメ兵,東証2部,小売業,100,
2784,アルフレッサ　ホールディングス(株),東証1部,卸売業,100,
2789,(株)カルラ,東証JQS,小売業,100,
2790,(株)ナフコ,東証JQS,小売業,100,
2795,日本プリメックス(株),東証JQS,卸売業,100,
2796,ファーマライズホールディングス(株),東証1部,小売業,100,
2802,味の素(株),東証1部,食料品,100,1.0
2804,ブルドックソース(株),東証2部,食料品,100,
2806,ユタカフーズ(株),東証2部,食料品,100,
2812,焼津水産化学工業(株),東証1部,食料品,100,
2813,和弘食品(株),東証JQS,食料品,100,
2814,佐藤食品工業(株),東証JQS,食料品,100,
2816,(株)ダイショー,東証2部,食料品,100,
2818,(株)ピエトロ,東証1部,食料品,100,
2820,(株)やまみ,東証1部,食料品,100,
2872,(株)セイヒョー,東証2部,食料品,100,
2877,日東ベスト(株),東証JQS,食料品,100,
2882,イートアンド(株),東証1部,食料品,100,
2883,(株)大冷,東証1部,食料品,100,
2892,日本食品化工(株),東証2部,食料品,100,
2894,石井食品(株),東証2部,食料品,100,
2899,(株)永谷園ホールディングス,東証1部,食料品,100,
2904,一正蒲鉾(株),東証1部,食料品,100,
2907,(株)あじかん,東証2部,食料品,100,
2910,(株)ロック・フィールド,東証1部,食料品,100,
2911,旭松食品(株),東証2部,食料品,100,
2918,わらべや日洋ホールディングス(株),東証1部,食料品,100,
2922,(株)なとり,東証1部,食料品,100,
2923,サトウ食品工業(株),東証2部,食料品,100,
2924,イフジ産業(株),東証1部,食料品,100,
2925,(株)ピックルスコーポレーション,東証1部,食料品,100,
2981,(株)ランディックス,マザーズ,不動産業,100,
3002,グンゼ(株),東証1部,繊維製品,100,
3011,(株)バナーズ,東証2部,小売業,100,
3021,(株)パシフィックネット,東証2部,小売業,100,
3023,ラサ商事(株),東証1部,卸売業,100,
3024,クリエイト(株),東証JQS,卸売業,100,
3028,(株)アルペン,東証1部,小売業,100,
3030,(株)ハブ,東証1部,小売業,100,
3041,(株)ビューティ花壇,東証2部,卸売業,100,
3059,ヒラキ(株),東証2部,小売業,100,
3063,(株)ジェイグループホールディングス,マザーズ,小売業,100,
3065,(株)ライフフーズ,東証JQS,小売業,100,
3069,(株)ＪＦＬＡホールディングス,東証JQS,小売業,100,
3077,ホリイフードサービス(株),東証JQS,小売業,100,
3082,(株)きちりホールディングス,東証1部,小売業,100,
3086,Ｊ．フロント　リテイリング(株),東証1部,小売業,100,1.0
3094,(株)スーパーバリュー,東証JQS,小売業,100,
3097,(株)物語コーポレーション,東証1部,小売業,100,
3099,(株)三越伊勢丹ホールディングス,東証1部,小売業,100,1.0
3101,東洋紡(株),東証1部,繊維製品,100,1.0
3103,ユニチカ(株),東証1部,繊維製品,100,1.0
3104,富士紡ホールディングス(株),東証1部,繊維製品,100,
3106,クラボウ,東証1部,繊維製品,100,
3109,シキボウ(株),東証1部,繊維製品,100,
3110,日東紡,東証1部,ガラス・土石製品,100,
3121,マーチャント・バンカーズ(株),東証2部,サービス業,100,
3123,サイボー(株),東証2部,繊維製品,100,
3125,新内外綿(株),東証2部,繊維製品,100,
3131,シンデン・ハイテックス(株),東証JQS,卸売業,100,
3132,マクニカ・富士エレホールディングス(株),東証1部,卸売業,100,
3150,(株)グリムス,東証2部,卸売業,100,
3151,(株)バイタルケーエスケー・ホールディングス,東証1部,卸売業,100,
3153,八洲電機(株),東証1部,卸売業,100,
3154,メディアスホールディングス(株),東証1部,卸売業,100,
3157,ジューテックホールディングス(株),東証1部,卸売業,100,
3159,丸善ＣＨＩホールディングス(株),東証1部,小売業,100,
3160,(株)大光,東証1部,卸売業,100,
3166,ＯＣＨＩホールディングス(株),東証1部,卸売業,100,
3173,(株)Ｃｏｍｉｎｉｘ,東証1部,卸売業,100,
3177,(株)ありがとうサービス,東証JQS,小売業,100,
3178,チムニー(株),東証1部,小売業,100,
3180,(株)ビューティガレージ,東証1部,卸売業,100,
3181,(株)買取王国,東証JQS,小売業,100,
3190,(株)ホットマン,東証JQS,小売業,100,
3199,綿半ホールディングス(株),東証1部,小売業,100,
3205,(株)ダイドーリミテッド,東証1部,繊維製品,100,
3221,(株)ヨシックス,東証1部,小売業,100,
3222,ユナイテッド・スーパーマーケット・ホールディングス(株),東証1部,小売業,100,
3232,三重交通グループホールディングス(株),東証1部,不動産業,100,
3271,(株)ＴＨＥグローバル社,東証1部,不動産業,100,
3275,ハウスコム(株),東証1部,不動産業,100,
3280,(株)エストラスト,東証1部,不動産業,100,
3284,(株)フージャースホールディングス,東証1部,不動産業,100,
3286,トラストホールディングス(株),マザーズ,不動産業,100,
3289,東急不動産ホールディングス(株),東証1部,不動産業,100,1.0
3293,アズマハウス(株),東証JQS,不動産業,100,
3294,(株)イーグランド,東証1部,不動産業,100,
3297,(株)東武住販,東証JQS,不動産業,100,
3315,日本コークス工業(株),東証1部,石油・石炭製品,100,
3316,東京日産コンピュータシステム(株),東証JQS,卸売業,100,
3317,(株)フライングガーデン,東証JQS,小売業,100,
3320,クロスプラス(株),東証2部,卸売業,100,
3321,ミタチ産業(株),東証1部,卸売業,100,
3326,(株)ランシステム,東証JQS,サービス業,100,
3329,東和フードサービス(株),東証JQS,小売業,100,
3352,(株)バッファロー,東証JQS,小売業,100,
3353,(株)メディカル一光グループ,東証JQS,小売業,100,
3356,(株)テリロジー,東証JQS,卸売業,100,
3371,(株)ソフトクリエイトホールディングス,東証1部,情報・通信,100,
3374,内外テック(株),東証JQS,卸売業,100,
3387,(株)クリエイト・レストランツ・ホールディングス,東証1部,小売業,100,
3388,明治電機工業(株),東証1部,卸売業,100,
3392,デリカフーズホールディングス(株),東証1部,卸売業,100,
3393,スターティアホールディングス(株),東証1部,卸売業,100,
3395,(株)サンマルクホールディングス,東証1部,小売業,100,
3396,(株)フェリシモ,東証1部,小売業,100,
3397,(株)トリドールホールディングス,東証1部,小売業,100,
3401,帝人(株),東証1部,繊維製品,100,1.0
3402,東レ(株),東証1部,繊維製品,100,1.0
3408,サカイオーベックス(株),東証1部,繊維製品,100,
3417,大木ヘルスケアホールディングス(株),東証JQS,卸売業,100,
3420,(株)ケー・エフ・シー,東証2部,金属製品,100,
3423,(株)エスイー,東証JQS,金属製品,100,
3426,アトムリビンテック(株),東証JQS,金属製品,100,
3431,宮地エンジニアリンググループ(株),東証1部,金属製品,100,
3434,(株)アルファ,東証1部,金属製品,100,
3435,サンコーテクノ(株),東証2部,金属製品,100,
3437,特殊電極(株),東証JQS,金属製品,100,
3439,(株)三ツ知,東証JQS,金属製品,100,
3444,(株)菊池製作所,東証JQS,金属製品,100,
3447,信和(株),東証1部,金属製品,100,
3464,プロパティエージェント(株),東証1部,不動産業,100,
3467,アグレ都市デザイン(株),東証1部,不動産業,100,
3477,フォーライフ(株),マザーズ,不動産業,100,
3489,(株)フェイスネットワーク,マザーズ,不動産業,100,
3501,住江織物(株),東証1部,繊維製品,100,
3512,日本フエルト(株),東証1部,繊維製品,100,
3513,イチカワ(株),東証1部,繊維製品,100,
3515,(株)フジコー,東証JQS,繊維製品,100,
3524,日東製網(株),東証1部,繊維製品,100,
3528,(株)プロスペクト,東証2部,不動産業,100,
3529,アツギ(株),東証1部,繊維製品,100,
3537,昭栄薬品(株),東証JQS,卸売業,100,
3544,サツドラホールディングス(株),東証1部,小売業,100,
3546,アレンザホールディングス(株),東証1部,小売業,100,
3550,(株)スタジオアタオ,マザーズ,小売業,100,
3551,ダイニック(株),東証1部,繊維製品,100,
3553,共和レザー(株),東証1部,化学,100,
3559,(株)ピーバンドットコム,東証1部,卸売業,100,
3561,(株)力の源ホールディングス,東証1部,小売業,100,
3565,アセンテック(株),東証1部,卸売業,100,
3571,(株)ソトー,東証1部,繊維製品,100,
3577,東海染工(株),東証1部,繊維製品,100,
3580,小松マテーレ(株),東証1部,繊維製品,100,
3583,オーベクス(株),東証2部,繊維製品,100,
3591,(株)ワコールホールディングス,東証1部,繊維製品,100,
3597,(株)自重堂,東証2部,繊維製品,100,
3600,(株)フジックス,東証2部,繊維製品,100,
3604,川本産業(株),東証2部,繊維製品,100,
3608,(株)ＴＳＩホールディングス,東証1部,繊維製品,100,
3622,ネットイヤーグループ(株),マザーズ,情報・通信,100,
3625,テックファームホールディングス(株),東証JQG,情報・通信,100,
3634,(株)ソケッツ,マザーズ,情報・通信,100,
3640,(株)電算,東証1部,情報・通信,100,
3646,(株)駅探,マザーズ,情報・通信,100,
3660,(株)アイスタイル,東証1部,情報・通信,100,
3666,(株)テクノスジャパン,東証1部,情報・通信,100,
3670,協立情報通信(株),東証JQS,情報・通信,100,
3682,エンカレッジ・テクノロジ(株),東証1部,情報・通信,100,
3708,特種東海製紙(株),東証1部,パルプ・紙,100,
3741,(株)セック,東証1部,情報・通信,100,
3750,ＦＲＡＣＴＡＬＥ(株),東証2部,情報・通信,100,
3751,日本アジアグループ(株),東証1部,情報・通信,100,
3763,(株)プロシップ,東証1部,情報・通信,100,
3766,システムズ・デザイン(株),東証JQS,情報・通信,100,
3768,リスクモンスター(株),東証2部,情報・通信,100,
3771,(株)システムリサーチ,東証1部,情報・通信,100,
3774,(株)インターネットイニシアティブ,東証1部,情報・通信,100,
3778,さくらインターネット(株),東証1部,情報・通信,100,
3791,(株)ＩＧポート,東証JQS,情報・通信,100,
3796,(株)いい生活,東証2部,情報・通信,100,
3798,ＵＬＳグループ(株),東証JQS,情報・通信,100,
3799,キーウェアソリューションズ(株),東証2部,情報・通信,100,
3800,(株)ユニリタ,東証JQS,情報・通信,100,
3802,(株)エコミック,東証JQS,情報・通信,100,
3817,(株)ＳＲＡホールディングス,東証1部,情報・通信,100,
3826,(株)システムインテグレータ,東証1部,情報・通信,100,
3834,(株)朝日ネット,東証1部,情報・通信,100,
3835,ｅＢＡＳＥ(株),東証1部,情報・通信,100,
3837,アドソル日進(株),東証1部,情報・通信,100,
3839,(株)ＯＤＫソリューションズ,東証2部,情報・通信,100,
3841,(株)ジーダット,東証JQS,情報・通信,100,
3843,フリービット(株),東証1部,情報・通信,100,
3844,コムチュア(株),東証1部,情報・通信,100,
3847,パシフィックシステム(株),東証JQS,情報・通信,100,
3848,(株)データ・アプリケーション,東証JQS,情報・通信,100,
3850,(株)ＮＴＴデータイントラマート,東証2部,情報・通信,100,
3853,アステリア(株),東証1部,情報・通信,100,
3856,Ａｂａｌａｎｃｅ(株),東証2部,電気機器,100,
3857,(株)ラック,東証JQS,情報・通信,100,
3863,日本製紙(株),東証1部,パルプ・紙,100,1.0
3864,三菱製紙(株),東証1部,パルプ・紙,100,
3865,北越コーポレーション(株),東証1部,パルプ・紙,100,
3877,中越パルプ工業(株),東証1部,パルプ・紙,100,
3880,大王製紙(株),東証1部,パルプ・紙,100,
3891,ニッポン高度紙工業(株),東証JQS,パルプ・紙,100,
3892,(株)岡山製紙,東証JQS,パルプ・紙,100,
3895,ハビックス(株),東証JQS,パルプ・紙,100,
3910,(株)エムケイシステム,東証JQS,情報・通信,100,
3916,デジタル・インフォメーション・テクノロジー(株),東証1部,情報・通信,100,
3919,パイプドＨＤ(株),東証1部,情報・通信,100,
3921,(株)ネオジャパン,東証1部,情報・通信,100,
3924,(株)ランドコンピュータ,東証1部,情報・通信,100,
3925,(株)ダブルスタンダード,東証1部,情報・通信,100,
3929,ソーシャルワイヤー(株),マザーズ,情報・通信,100,
3931,(株)バリューゴルフ,マザーズ,情報・通信,100,
3933,チエル(株),東証JQS,情報・通信,100,
3934,(株)ベネフィットジャパン,東証1部,情報・通信,100,
3937,(株)Ｕｂｉｃｏｍホールディングス,東証1部,情報・通信,100,
3945,スーパーバッグ(株),東証2部,パルプ・紙,100,
3951,朝日印刷(株),東証2部,パルプ・紙,100,
3953,大村紙業(株),東証JQS,パルプ・紙,100,
3954,昭和パックス(株),東証JQS,パルプ・紙,100,
3955,(株)イムラ封筒,東証2部,パルプ・紙,100,
3956,国際チャート(株),東証JQS,パルプ・紙,100,
3969,(株)エイトレッド,東証1部,情報・通信,100,
3978,(株)マクロミル,東証1部,情報・通信,100,
3986,(株)ビーブレイクシステムズ,マザーズ,情報・通信,100,
3996,サインポスト(株),東証1部,情報・通信,100,
4005,住友化学(株),東証1部,化学,100,1.0
4008,住友精化(株),東証1部,化学,100,
4022,ラサ工業(株),東証1部,化学,100,
4028,石原産業(株),東証1部,化学,100,
4031,片倉コープアグリ(株),東証1部,化学,100,
4041,日本曹達(株),東証1部,化学,100,
4044,セントラル硝子(株),東証1部,化学,100,
4062,イビデン(株),東証1部,電気機器,100,
4064,日本カーバイド工業(株),東証1部,化学,100,
4078,堺化学工業(株),東証1部,化学,100,
4092,日本化学工業(株),東証1部,化学,100,
4093,東邦アセチレン(株),東証1部,化学,100,
4098,チタン工業(株),東証1部,化学,100,
4102,丸尾カルシウム(株),東証2部,化学,100,
4109,ステラ　ケミファ(株),東証1部,化学,100,
4113,田岡化学工業(株),東証2部,化学,100,
4114,(株)日本触媒,東証1部,化学,100,
4115,本州化学工業(株),東証2部,化学,100,
4116,大日精化工業(株),東証1部,化学,100,
4118,(株)カネカ,東証1部,化学,100,
4119,日本ピグメント(株),東証2部,化学,100,
4120,スガイ化学工業(株),東証2部,化学,100,
4188,(株)三菱ケミカルホールディングス,東証1部,化学,100,1.0
4202,(株)ダイセル,東証1部,化学,100,
4203,住友ベークライト(株),東証1部,化学,100,
4208,宇部興産(株),東証1部,化学,100,1.0
4218,ニチバン(株),東証1部,化学,100,
4224,ロンシール工業(株),東証2部,化学,100,
4228,積水化成品工業(株),東証1部,化学,100,
4229,群栄化学工業(株),東証1部,化学,100,
4231,タイガースポリマー(株),東証1部,化学,100,
4234,(株)サンエー化研,東証JQS,化学,100,
4237,フジプレアム(株),東証JQS,化学,100,
4238,ミライアル(株),東証1部,化学,100,
4241,(株)アテクト,東証JQS,化学,100,
4274,細谷火工(株),東証JQS,化学,100,
4275,カーリットホールディングス(株),東証1部,化学,100,
4287,(株)ジャストプランニング,東証JQS,情報・通信,100,
4295,(株)フェイス,東証1部,情報・通信,100,
4299,(株)ハイマックス,東証1部,情報・通信,100,
4304,(株)Ｅストアー,東証JQS,情報・通信,100,
4308,(株)Ｊストリーム,マザーズ,情報・通信,100,
4318,(株)クイック,東証1部,サービス業,100,
4319,ＴＡＣ(株),東証1部,サービス業,100,
4323,日本システム技術(株),東証1部,情報・通信,100,
4331,(株)テイクアンドギヴ・ニーズ,東証1部,サービス業,100,
4333,(株)東邦システムサイエンス,東証1部,情報・通信,100,
4334,(株)ユークス,東証JQS,情報・通信,100,
4335,(株)アイ・ピー・エス,東証JQS,情報・通信,100,
4336,(株)クリエアナブキ,東証JQS,サービス業,100,
4337,ぴあ(株),東証1部,サービス業,100,
4341,西菱電機(株),東証2部,サービス業,100,
4342,セコム上信越(株),東証2部,サービス業,100,
4343,(株)イオンファンタジー,東証1部,サービス業,100,
4344,ソースネクスト(株),東証1部,情報・通信,100,
4345,(株)シーティーエス,東証1部,サービス業,100,
4350,(株)メディカルシステムネットワーク,東証1部,小売業,100,
4364,マナック(株),東証2部,化学,100,
4365,松本油脂製薬(株),東証JQS,化学,100,
4366,ダイトーケミックス(株),東証2部,化学,100,
4367,広栄化学工業(株),東証2部,化学,100,
4369,(株)トリケミカル研究所,東証1部,化学,100,
4380,(株)Ｍマート,マザーズ,情報・通信,100,
4388,(株)エーアイ,マザーズ,情報・通信,100,
4389,プロパティデータバンク(株),マザーズ,情報・通信,100,
4406,新日本理化(株),東証1部,化学,100,
4409,東邦化学工業(株),東証2部,化学,100,
4430,東海ソフト(株),東証1部,情報・通信,100,
4436,(株)ミンカブ・ジ・インフォノイド,マザーズ,情報・通信,100,
4461,第一工業製薬(株),東証1部,化学,100,
4462,石原ケミカル(株),東証1部,化学,100,
4465,(株)ニイタカ,東証1部,化学,100,
4491,コンピューターマネージメント(株),東証JQS,情報・通信,100,
4492,(株)ゼネテック,東証JQS,情報・通信,100,
4502,武田薬品工業(株),東証1部,医薬品,100,1.0
4514,あすか製薬(株),東証1部,医薬品,100,
4517,ビオフェルミン製薬(株),東証1部,医薬品,100,
4524,森下仁丹(株),東証2部,医薬品,100,
4526,理研ビタミン(株),東証1部,食料品,100,
4538,扶桑薬品工業(株),東証1部,医薬品,100,
4539,日本ケミファ(株),東証1部,医薬品,100,
4541,日医工(株),東証1部,医薬品,100,
4544,みらかホールディングス(株),東証1部,サービス業,100,
4547,キッセイ薬品工業(株),東証1部,医薬品,100,
4548,生化学工業(株),東証1部,医薬品,100,
4550,日水製薬(株),東証1部,医薬品,100,
4556,(株)カイノス,東証JQS,医薬品,100,
4558,(株)中京医薬品,東証JQS,医薬品,100,
4559,ゼリア新薬工業(株),東証1部,医薬品,100,
4581,大正製薬ホールディングス(株),東証1部,医薬品,100,
4615,神東塗料(株),東証1部,化学,100,
4617,中国塗料(株),東証1部,化学,100,
4620,藤倉化成(株),東証1部,化学,100,
4621,ロックペイント(株),東証2部,化学,100,
4623,(株)アサヒペン,東証2部,化学,100,
4624,イサム塗料(株),東証2部,化学,100,
4625,アトミクス(株),東証JQS,化学,100,
4626,太陽ホールディングス(株),東証1部,化学,100,
4628,エスケー化研(株),東証JQS,化学,100,
4629,大伸化学(株),東証JQS,化学,100,
4635,東京インキ(株),東証2部,化学,100,
4636,(株)Ｔ＆Ｋ　ＴＯＫＡ,東証1部,化学,100,
4640,アンドール(株),東証JQS,情報・通信,100,
4644,イマジニア(株),東証JQS,情報・通信,100,
4645,(株)市進ホールディングス,東証JQS,サービス業,100,
4659,(株)エイジス,東証JQS,サービス業,100,
4662,(株)フォーカスシステムズ,東証1部,情報・通信,100,
4667,アイサンテクノロジー(株),東証JQS,情報・通信,100,
4671,(株)ファルコホールディングス,東証1部,サービス業,100,
4674,(株)クレスコ,東証1部,情報・通信,100,
4681,リゾートトラスト(株),東証1部,サービス業,100,
4685,(株)菱友システムズ,東証JQS,情報・通信,100,
4687,ＴＤＣソフト(株),東証1部,情報・通信,100,
4689,Ｚホールディングス(株),東証1部,情報・通信,100,1.0
4690,日本パレットプール(株),東証JQS,サービス業,100,
4705,(株)クリップコーポレーション,東証JQS,サービス業,100,
4709,(株)ＩＤホールディングス,東証1部,情報・通信,100,
4718,(株)早稲田アカデミー,東証1部,サービス業,100,
4719,(株)アルファシステムズ,東証1部,情報・通信,100,
4720,(株)城南進学研究社,東証JQS,サービス業,100,
4736,日本ラッド(株),東証JQS,情報・通信,100,
4743,(株)アイティフォー,東証1部,情報・通信,100,
4745,(株)東京個別指導学院,東証1部,サービス業,100,
4750,(株)ダイサン,東証2部,サービス業,100,
4752,(株)昭和システムエンジニアリング,東証JQS,情報・通信,100,
4761,(株)さくらケーシーエス,東証2部,情報・通信,100,
4762,(株)エックスネット,東証1部,情報・通信,100,
4765,モーニングスター(株),東証JQS,サービス業,100,
4767,(株)テー・オー・ダブリュー,東証1部,サービス業,100,
4771,(株)エフアンドエム,東証JQS,サービス業,100,
4781,日本ハウズイング(株),東証2部,サービス業,100,
4792,山田コンサルティンググループ(株),東証1部,サービス業,100,
4800,オリコン(株),東証JQS,情報・通信,100,
4801,セントラルスポーツ(株),東証1部,サービス業,100,
4813,(株)ＡＣＣＥＳＳ,東証1部,情報・通信,100,
4825,(株)ウェザーニューズ,東証1部,情報・通信,100,
4826,(株)ＣＩＪ,東証1部,情報・通信,100,
4828,ビジネスエンジニアリング(株),東証1部,情報・通信,100,
4832,ＪＦＥシステムズ(株),東証2部,情報・通信,100,
4837,シダックス(株),東証JQS,サービス業,100,
4838,(株)スペースシャワーネットワーク,東証JQS,情報・通信,100,
4845,(株)スカラ,東証1部,情報・通信,100,
4849,エン・ジャパン(株),東証1部,サービス業,100,
4902,コニカミノルタ(株),東証1部,電気機器,100,1.0
4914,高砂香料工業(株),東証1部,化学,100,
4920,(株)日本色材工業研究所,東証JQS,化学,100,
4923,コタ(株),東証1部,化学,100,
4925,(株)ハーバー研究所,東証JQS,化学,100,
4926,(株)シーボン,東証1部,化学,100,
4929,(株)アジュバンコスメジャパン,東証1部,化学,100,
4957,ヤスハラケミカル(株),東証2部,化学,100,
4960,ケミプロ化成(株),東証2部,化学,100,
4962,互応化学工業(株),東証2部,化学,100,
4966,上村工業(株),東証2部,化学,100,
4968,荒川化学工業(株),東証1部,化学,100,
4973,日本高純度化学(株),東証1部,化学,100,
4975,(株)ＪＣＵ,東証1部,化学,100,
4976,東洋ドライルーブ(株),東証JQS,化学,100,
4977,新田ゼラチン(株),東証1部,化学,100,
4987,(株)寺岡製作所,東証2部,化学,100,
4994,大成ラミック(株),東証1部,化学,100,
5013,ユシロ化学工業(株),東証1部,石油・石炭製品,100,
5018,(株)ＭＯＲＥＳＣＯ,東証1部,石油・石炭製品,100,
5019,出光興産(株),東証1部,石油・石炭製品,100,1.0
5020,ＥＮＥＯＳホールディングス(株),東証1部,石油・石炭製品,100,1.0
5021,コスモエネルギーホールディングス(株),東証1部,石油・石炭製品,100,
5071,(株)ヴィス,マザーズ,建設業,100,
5104,日東化工(株),東証2部,ゴム製品,100,
5121,藤倉コンポジット(株),東証1部,ゴム製品,100,
5142,アキレス(株),東証1部,化学,100,
5162,(株)朝日ラバー,東証JQS,ゴム製品,100,
5185,(株)フコク,東証1部,ゴム製品,100,
5189,櫻護謨(株),東証2部,ゴム製品,100,
5191,住友理工(株),東証1部,ゴム製品,100,
5195,バンドー化学(株),東証1部,ゴム製品,100,
5199,不二ラテックス(株),東証JQS,ゴム製品,100,
5202,日本板硝子(株),東証1部,ガラス・土石製品,100,1.0
5204,石塚硝子(株),東証1部,ガラス・土石製品,100,
5208,(株)有沢製作所,東証1部,化学,100,
5210,日本山村硝子(株),東証1部,ガラス・土石製品,100,
5212,不二硝子(株),東証JQS,ガラス・土石製品,100,
5217,テクノクオーツ(株),東証JQS,ガラス・土石製品,100,
5261,リソルホールディングス(株),東証1部,サービス業,100,
5268,旭コンクリート工業(株),東証2部,ガラス・土石製品,100,
5269,日本コンクリート工業(株),東証1部,ガラス・土石製品,100,
5271,(株)トーヨーアサノ,東証2部,ガラス・土石製品,100,
5277,(株)スパンクリートコーポレーション,東証JQS,ガラス・土石製品,100,
5279,日本興業(株),東証JQS,ガラス・土石製品,100,
5280,ヨシコン(株),東証JQS,不動産業,100,
5282,ジオスター(株),東証2部,ガラス・土石製品,100,
5283,(株)高見澤,東証JQS,卸売業,100,
5285,(株)ヤマックス,東証JQS,ガラス・土石製品,100,
5287,(株)イトーヨーギョー,東証2部,ガラス・土石製品,100,
5290,(株)ベルテクスコーポレーション,東証2部,ガラス・土石製品,100,
5304,ＳＥＣカーボン(株),東証2部,ガラス・土石製品,100,
5331,(株)ノリタケカンパニーリミテド,東証1部,ガラス・土石製品,100,
5334,日本特殊陶業(株),東証1部,ガラス・土石製品,100,
5351,品川リフラクトリーズ(株),東証1部,ガラス・土石製品,100,
5352,黒崎播磨(株),東証1部,ガラス・土石製品,100,
5355,日本ルツボ(株),東証2部,ガラス・土石製品,100,
5367,(株)ニッカトー,東証1部,ガラス・土石製品,100,
5368,日本インシュレーション(株),東証2部,ガラス・土石製品,100,
5380,新東(株),東証JQS,ガラス・土石製品,100,
5384,(株)フジミインコーポレーテッド,東証1部,ガラス・土石製品,100,
5386,(株)鶴弥,東証2部,ガラス・土石製品,100,
5388,クニミネ工業(株),東証1部,ガラス・土石製品,100,
5408,(株)中山製鋼所,東証1部,鉄鋼,100,
5410,合同製鐵(株),東証1部,鉄鋼,100,
5411,ジェイ　エフ　イー　ホールディングス(株),東証1部,鉄鋼,100,1.0
5444,大和工業(株),東証1部,鉄鋼,100,
5445,東京鐵鋼(株),東証1部,鉄鋼,100,
5446,北越メタル(株),東証2部,鉄鋼,100,
5449,大阪製鐵(株),東証1部,鉄鋼,100,
5451,(株)淀川製鋼所,東証1部,鉄鋼,100,
5458,高砂鐵工(株),東証2部,鉄鋼,100,
5463,丸一鋼管(株),東証1部,鉄鋼,100,
5464,モリ工業(株),東証1部,鉄鋼,100,
5471,大同特殊鋼(株),東証1部,鉄鋼,100,
5476,日本高周波鋼業(株),東証1部,鉄鋼,100,
5480,日本冶金工業(株),東証1部,鉄鋼,100,
5481,山陽特殊製鋼(株),東証1部,鉄鋼,100,
5486,日立金属(株),東証1部,鉄鋼,100,
5541,大平洋金属(株),東証1部,鉄鋼,100,1.0
5602,(株)栗本鐵工所,東証1部,鉄鋼,100,
5603,虹技(株),東証1部,鉄鋼,100,
5609,日本鋳造(株),東証2部,鉄鋼,100,
5612,日本鋳鉄管(株),東証1部,鉄鋼,100,
5614,(株)川金ホールディングス,東証2部,鉄鋼,100,
5644,(株)メタルアート,東証2部,鉄鋼,100,
5658,日亜鋼業(株),東証1部,鉄鋼,100,
5659,日本精線(株),東証1部,鉄鋼,100,
5660,神鋼鋼線工業(株),東証2部,鉄鋼,100,
5695,パウダーテック(株),東証JQS,鉄鋼,100,
5697,(株)サンユウ,東証2部,鉄鋼,100,
5703,日本軽金属ホールディングス(株),東証1部,非鉄金属,100,1.0
5706,三井金属,東証1部,非鉄金属,100,1.0
5711,三菱マテリアル(株),東証1部,非鉄金属,100,1.0
5715,古河機械金属(株),東証1部,非鉄金属,100,
5726,(株)大阪チタニウムテクノロジーズ,東証1部,非鉄金属,100,
5727,東邦チタニウム(株),東証1部,非鉄金属,100,
5729,日本精鉱(株),東証2部,非鉄金属,100,
5741,(株)ＵＡＣＪ,東証1部,非鉄金属,100,
5742,エヌアイシ・オートテック(株),東証JQS,非鉄金属,100,
5757,(株)ＣＫサンエツ,東証1部,非鉄金属,100,
5801,古河電気工業(株),東証1部,非鉄金属,100,1.0
5803,(株)フジクラ,東証1部,非鉄金属,100,1.0
5807,東京特殊電線(株),東証1部,非鉄金属,100,
5817,ＪＭＡＣＳ(株),東証2部,非鉄金属,100,
5820,(株)三ッ星,東証JQS,非鉄金属,100,
5852,(株)アーレスティ,東証1部,非鉄金属,100,
5856,(株)エルアイイーエイチ,東証2部,小売業,100,
5900,(株)ダイケン,東証JQS,金属製品,100,
5901,東洋製罐グループホールディングス(株),東証1部,金属製品,100,1.0
5902,ホッカンホールディングス(株),東証1部,金属製品,100,
5903,ＳＨＩＮＰＯ(株),東証JQS,金属製品,100,
5905,日本製罐(株),東証2部,金属製品,100,
5906,エムケー精工(株),東証JQS,金属製品,100,
5907,ＪＦＥコンテイナー(株),東証2部,金属製品,100,
5909,(株)コロナ,東証1部,金属製品,100,
5915,(株)駒井ハルテック,東証1部,金属製品,100,
5918,瀧上工業(株),東証2部,金属製品,100,
5922,那須電機鉄工(株),東証2部,金属製品,100,
5923,高田機工(株),東証1部,金属製品,100,
5928,アルメタックス(株),東証2部,金属製品,100,
5932,三協立山(株),東証1部,金属製品,100,
5938,(株)ＬＩＸＩＬグループ,東証1部,金属製品,100,
5939,(株)大谷工業,東証JQS,金属製品,100,
5940,不二サッシ(株),東証2部,金属製品,100,
5941,(株)中西製作所,東証2部,金属製品,100,
5945,天龍製鋸(株),東証JQS,金属製品,100,
5949,ユニプレス(株),東証1部,輸送用機器,100,
5951,ダイニチ工業(株),東証1部,金属製品,100,
5952,アマテイ(株),東証2部,金属製品,100,
5955,(株)ヤマシナ,東証2部,金属製品,100,
5956,トーソー(株),東証2部,金属製品,100,
5958,三洋工業(株),東証1部,金属製品,100,
5962,浅香工業(株),東証2部,その他製品,100,
5964,東洋刃物(株),東証2部,金属製品,100,
5966,ＫＴＣ(株),東証2部,金属製品,100,
5967,ＴＯＮＥ(株),東証2部,金属製品,100,
5969,(株)ロブテックス,東証2部,金属製品,100,
5970,(株)ジーテクト,東証1部,金属製品,100,
5971,(株)共和工業所,東証JQS,金属製品,100,
5973,(株)トーアミ,東証2部,金属製品,100,
5974,中国工業(株),東証2部,金属製品,100,
5975,東プレ(株),東証1部,金属製品,100,
5976,ネツレン,東証1部,金属製品,100,
5983,イワブチ(株),東証JQS,金属製品,100,
5984,兼房(株),東証2部,金属製品,100,
5985,サンコール(株),東証1部,金属製品,100,
5986,モリテック　スチール(株),東証1部,金属製品,100,
5987,(株)オーネックス,東証JQS,金属製品,100,
5989,(株)エイチワン,東証1部,金属製品,100,
5990,(株)スーパーツール,東証JQS,金属製品,100,
5991,ニッパツ,東証1部,金属製品,100,
5992,中央発條(株),東証1部,金属製品,100,
5994,(株)ファインシンター,東証2部,金属製品,100,
5999,イハラサイエンス(株),東証JQS,金属製品,100,
6016,(株)ジャパンエンジンコーポレーション,東証2部,輸送用機器,100,
6018,阪神内燃機工業(株),東証2部,輸送用機器,100,
6022,(株)赤阪鐵工所,東証2部,機械,100,
6023,ダイハツディーゼル(株),東証2部,輸送用機器,100,
6028,テクノプロ・ホールディングス(株),東証1部,サービス業,100,
6030,(株)アドベンチャー,マザーズ,サービス業,100,
6032,(株)インターワークス,東証1部,サービス業,100,
6033,(株)エクストリーム,マザーズ,サービス業,100,
6035,(株)アイ・アールジャパンホールディングス,東証1部,サービス業,100,
6036,ＫｅｅＰｅｒ技研(株),東証1部,サービス業,100,
6042,(株)ニッキ,東証2部,輸送用機器,100,
6044,(株)三機サービス,東証1部,サービス業,100,
6045,(株)レントラックス,マザーズ,サービス業,100,
6059,(株)ウチヤマホールディングス,東証1部,サービス業,100,
6060,こころネット(株),東証JQS,サービス業,100,
6061,(株)ユニバーサル園芸社,東証JQS,サービス業,100,
6069,トレンダーズ(株),マザーズ,サービス業,100,
6073,(株)アサンテ,東証1部,サービス業,100,
6074,(株)ジェイエスエス,東証JQS,サービス業,100,
6082,(株)ライドオンエクスプレスホールディングス,東証1部,サービス業,100,
6093,(株)エスクロー・エージェント・ジャパン,東証1部,サービス業,100,
6121,(株)滝澤鉄工所,東証1部,機械,100,
6135,(株)牧野フライス製作所,東証1部,機械,100,
6137,小池酸素工業(株),東証2部,機械,100,
6138,ダイジェット工業(株),東証1部,機械,100,
6140,旭ダイヤモンド工業(株),東証1部,機械,100,
6146,(株)ディスコ,東証1部,機械,100,
6147,(株)ヤマザキ,東証JQS,機械,100,
6150,タケダ機械(株),東証JQS,機械,100,
6155,高松機械工業(株),東証2部,機械,100,
6156,(株)エーワン精密,東証JQS,機械,100,
6157,日進工具(株),東証1部,機械,100,
6158,(株)和井田製作所,東証JQS,機械,100,
6161,(株)エスティック,東証2部,機械,100,
6165,パンチ工業(株),東証1部,機械,100,
6167,冨士ダイス(株),東証1部,機械,100,
6186,(株)一蔵,東証1部,サービス業,100,
6188,富士ソフトサービスビューロ(株),東証2部,サービス業,100,
6192,ハイアス・アンド・カンパニー(株),マザーズ,サービス業,100,
6201,(株)豊田自動織機,東証1部,輸送用機器,100,
6203,豊和工業(株),東証1部,機械,100,
6222,(株)島精機製作所,東証1部,機械,100,
6237,(株)イワキ,東証1部,機械,100,
6238,フリュー(株),東証1部,機械,100,
6240,ヤマシンフィルタ(株),東証1部,機械,100,
6245,(株)ヒラノテクシード,東証2部,機械,100,
6246,(株)テクノスマート,東証2部,機械,100,
6248,(株)横田製作所,東証JQS,機械,100,
6249,(株)ゲームカード・ジョイコホールディングス,東証JQS,機械,100,
6257,(株)藤商事,東証JQS,機械,100,
6258,平田機工(株),東証1部,機械,100,
6262,ペガサスミシン製造(株),東証1部,機械,100,
6271,(株)ニッセイ,東証2部,機械,100,
6276,ナビタス(株),東証JQS,機械,100,
6279,(株)瑞光,東証2部,機械,100,
6286,靜甲(株),東証JQS,機械,100,
6287,サトーホールディングス(株),東証1部,機械,100,
6293,日精樹脂工業(株),東証1部,機械,100,
6294,オカダアイヨン(株),東証1部,機械,100,
6298,ワイエイシイホールディングス(株),東証1部,機械,100,
6303,(株)ササクラ,東証2部,機械,100,
6306,日工(株),東証1部,機械,100,
6312,フロイント産業(株),東証JQS,機械,100,
6315,ＴＯＷＡ(株),東証1部,機械,100,
6317,(株)北川鉄工所,東証1部,機械,100,
6319,(株)シンニッタン,東証1部,鉄鋼,100,
6322,(株)タクミナ,東証2部,機械,100,
6324,(株)ハーモニック・ドライブ・システムズ,東証JQS,機械,100,
6325,(株)タカキタ,東証1部,機械,100,
6331,三菱化工機(株),東証1部,機械,100,
6333,(株)帝国電機製作所,東証1部,機械,100,
6334,明治機械(株),東証2部,機械,100,
6336,(株)石井表記,東証2部,機械,100,
6337,(株)テセック,東証JQS,機械,100,
6339,新東工業(株),東証1部,機械,100,
6342,(株)太平製作所,東証2部,機械,100,
6346,キクカワエンタープライズ(株),東証2部,機械,100,
6349,(株)小森コーポレーション,東証1部,機械,100,
6357,三精テクノロジーズ(株),東証2部,機械,100,
6358,酒井重工業(株),東証1部,機械,100,
6360,(株)東京自働機械製作所,東証2部,機械,100,
6362,(株)石井鐵工所,東証1部,機械,100,
6363,(株)酉島製作所,東証1部,機械,100,
6365,(株)電業社機械製作所,東証2部,機械,100,
6368,オルガノ(株),東証1部,機械,100,
6369,トーヨーカネツ(株),東証1部,機械,100,
6373,大同工業(株),東証1部,機械,100,
6384,(株)昭和真空,東証JQS,機械,100,
6390,(株)加藤製作所,東証1部,機械,100,
6391,(株)加地テック,東証2部,機械,100,
6392,(株)ヤマダコーポレーション,東証2部,機械,100,
6393,油研工業(株),東証1部,機械,100,
6395,(株)タダノ,東証1部,機械,100,
6396,(株)宇野澤組鐵工所,東証2部,機械,100,
6403,水道機工(株),東証JQS,機械,100,
6405,鈴茂器工(株),東証JQS,機械,100,
6407,ＣＫＤ(株),東証1部,機械,100,
6408,小倉クラッチ(株),東証JQS,機械,100,
6413,理想科学工業(株),東証1部,機械,100,
6414,川重冷熱工業(株),東証JQS,機械,100,
6417,(株)ＳＡＮＫＹＯ,東証1部,機械,100,
6418,日本金銭機械(株),東証1部,機械,100,
6419,(株)マースグループホールディングス,東証1部,機械,100,
6428,(株)オーイズミ,東証1部,機械,100,
6430,ダイコク電機(株),東証1部,機械,100,
6445,蛇の目ミシン工業(株),東証1部,機械,100,
6461,日本ピストンリング(株),東証1部,機械,100,
6462,(株)リケン,東証1部,機械,100,
6467,(株)ニチダイ,東証JQS,機械,100,
6469,(株)放電精密加工研究所,東証JQS,機械,100,
6470,大豊工業(株),東証1部,機械,100,
6471,日本精工(株),東証1部,機械,100,1.0
6472,ＮＴＮ(株),東証1部,機械,100,1.0
6473,(株)ジェイテクト,東証1部,機械,100,1.0
6480,日本トムソン(株),東証1部,機械,100,
6486,イーグル工業(株),東証1部,機械,100,
6488,(株)ヨシタケ,東証JQS,機械,100,
6493,日鍛バルブ(株),東証2部,輸送用機器,100,
6495,(株)宮入バルブ製作所,東証2部,機械,100,
6496,(株)中北製作所,東証2部,機械,100,
6501,(株)日立製作所,東証1部,電気機器,100,1.0
6502,(株)東芝,東証2部,電気機器,100,
6504,富士電機(株),東証1部,電気機器,100,1.0
6505,東洋電機製造(株),東証1部,電気機器,100,
6507,シンフォニアテクノロジー(株),東証1部,電気機器,100,
6508,(株)明電舎,東証1部,電気機器,100,
6513,(株)オリジン,東証1部,電気機器,100,
6516,山洋電気(株),東証1部,電気機器,100,
6518,三相電機(株),東証JQS,電気機器,100,
6532,(株)ベイカレント・コンサルティング,東証1部,サービス業,100,
6539,(株)ＭＳ−Ｊａｐａｎ,東証1部,サービス業,100,
6541,グレイステクノロジー(株),東証1部,サービス業,100,
6542,(株)ＦＣホールディングス,東証JQS,サービス業,100,
6543,(株)日宣,東証JQS,サービス業,100,
6547,(株)グリーンズ,東証1部,サービス業,100,
6556,ウェルビー(株),マザーズ,サービス業,100,
6566,(株)要興業,東証2部,サービス業,100,
6568,神戸天然物化学(株),マザーズ,サービス業,100,
6569,日総工産(株),東証1部,サービス業,100,
6570,(株)共和コーポレーション,東証2部,サービス業,100,
6571,キュービーネットホールディングス(株),東証1部,サービス業,100,
6575,ヒューマン・アソシエイツ・ホールディングス(株),マザーズ,サービス業,100,
6578,(株)エヌリンクス,東証2部,サービス業,100,
6588,東芝テック(株),東証1部,電気機器,100,
6616,トレックス・セミコンダクター(株),東証1部,電気機器,100,
6617,(株)東光高岳,東証1部,電気機器,100,
6626,ＳＥＭＩＴＥＣ(株),東証JQS,電気機器,100,
6632,(株)ＪＶＣケンウッド,東証1部,電気機器,100,
6730,(株)アクセル,東証1部,電気機器,100,
6734,(株)ニューテック,東証JQS,電気機器,100,
6742,(株)京三製作所,東証1部,電気機器,100,
6748,星和電機(株),東証1部,電気機器,100,
6753,シャープ(株),東証1部,電気機器,100,
6758,ソニー(株),東証1部,電気機器,100,1.0
6763,帝国通信工業(株),東証1部,電気機器,100,
6768,(株)タムラ製作所,東証1部,電気機器,100,
6770,アルプスアルパイン(株),東証1部,電気機器,100,1.0
6771,池上通信機(株),東証1部,電気機器,100,
6772,東京コスモス電機(株),東証2部,電気機器,100,
6777,ｓａｎｔｅｃ(株),東証JQS,電気機器,100,
6787,(株)メイコー,東証JQS,電気機器,100,
6788,(株)日本トリム,東証1部,電気機器,100,
6794,フォスター電機(株),東証1部,電気機器,100,
6798,ＳＭＫ(株),東証1部,電気機器,100,
6810,マクセルホールディングス(株),東証1部,電気機器,100,
6814,古野電気(株),東証1部,電気機器,100,
6820,アイコム(株),東証1部,電気機器,100,
6822,大井電気(株),東証JQS,電気機器,100,
6823,リオン(株),東証1部,電気機器,100,
6826,本多通信工業(株),東証1部,電気機器,100,
6832,アオイ電子(株),東証2部,電気機器,100,
6834,(株)精工技研,東証JQS,電気機器,100,
6837,(株)京写,東証JQS,電気機器,100,
6844,新電元工業(株),東証1部,電気機器,100,
6850,(株)チノー,東証1部,電気機器,100,
6852,(株)テクノ・セブン,東証JQS,電気機器,100,
6862,ミナトホールディングス(株),東証JQS,電気機器,100,
6863,(株)ニレコ,東証JQS,電気機器,100,
6864,(株)エヌエフ回路設計ブロック,東証JQS,電気機器,100,
6867,リーダー電子(株),東証JQS,電気機器,100,
6874,協立電機(株),東証JQS,電気機器,100,
6875,(株)メガチップス,東証1部,電気機器,100,
6879,(株)ＩＭＡＧＩＣＡ　ＧＲＯＵＰ,東証1部,情報・通信,100,
6882,(株)三社電機製作所,東証2部,電気機器,100,
6888,アクモス(株),東証JQS,情報・通信,100,
6890,(株)フェローテックホールディングス,東証JQS,電気機器,100,
6894,パルステック工業(株),東証2部,電気機器,100,
6897,ツインバード工業(株),東証2部,電気機器,100,
6899,ＡＳＴＩ(株),東証2部,電気機器,100,
6901,澤藤電機(株),東証1部,電気機器,100,
6902,(株)デンソー,東証1部,輸送用機器,100,1.0
6904,原田工業(株),東証1部,電気機器,100,
6905,コーセル(株),東証1部,電気機器,100,
6912,菊水電子工業(株),東証JQS,電気機器,100,
6918,(株)アバールデータ,東証JQS,電気機器,100,
6919,ケル(株),東証JQS,電気機器,100,
6928,(株)エノモト,東証1部,電気機器,100,
6930,日本アンテナ(株),東証JQS,電気機器,100,
6938,双信電機(株),東証1部,電気機器,100,
6941,山一電機(株),東証1部,電気機器,100,
6943,ＮＫＫスイッチズ(株),東証JQS,電気機器,100,
6945,富士通フロンテック(株),東証2部,電気機器,100,
6957,(株)芝浦電子,東証JQS,電気機器,100,
6958,日本ＣＭＫ(株),東証1部,電気機器,100,
6960,フクダ電子(株),東証JQS,電気機器,100,
6961,(株)エンプラス,東証1部,電気機器,100,
6962,(株)大真空,東証1部,電気機器,100,
6963,ローム(株),東証1部,電気機器,100,
6964,(株)サンコー,東証2部,電気機器,100,
6966,(株)三井ハイテック,東証1部,電気機器,100,
6967,新光電気工業(株),東証1部,電気機器,100,
6973,協栄産業(株),東証1部,卸売業,100,
6982,(株)リード,東証2部,輸送用機器,100,
6986,双葉電子工業(株),東証1部,電気機器,100,
6989,北陸電気工業(株),東証1部,電気機器,100,
6994,(株)指月電機製作所,東証2部,電気機器,100,
6996,ニチコン(株),東証1部,電気機器,100,
6998,日本タングステン(株),東証2部,電気機器,100,
6999,ＫＯＡ(株),東証1部,電気機器,100,
7004,日立造船(株),東証1部,機械,100,1.0
7011,三菱重工業(株),東証1部,機械,100,1.0
7012,川崎重工業(株),東証1部,輸送用機器,100,1.0
7013,(株)ＩＨＩ,東証1部,機械,100,1.0
7014,(株)名村造船所,東証1部,輸送用機器,100,
7018,内海造船(株),東証2部,輸送用機器,100,
7021,(株)ニッチツ,東証2部,機械,100,
7022,サノヤスホールディングス(株),東証1部,輸送用機器,100,
7040,(株)サン・ライフホールディング,東証JQS,サービス業,100,
7045,(株)ツクイスタッフ,東証JQS,サービス業,100,
7046,テクノスデータサイエンス・エンジニアリング(株),マザーズ,サービス業,100,
7050,(株)フロンティアインターナショナル,マザーズ,サービス業,100,
7058,共栄セキュリティーサービス(株),東証JQS,サービス業,100,
7059,(株)コプロ・ホールディングス,マザーズ,サービス業,100,
7079,ＷＤＢココ(株),マザーズ,サービス業,100,
7087,(株)ウイルテック,東証2部,サービス業,100,
7088,(株)フォーラムエンジニアリング,東証1部,サービス業,100,
7105,三菱ロジスネクスト(株),東証1部,輸送用機器,100,
7175,今村証券(株),東証JQS,証券業,100,
7181,(株)かんぽ生命保険,東証1部,保険業,100,
7185,ヒロセ通商(株),東証JQS,証券業,100,
7191,(株)イントラスト,東証1部,その他金融業,100,
7199,プレミアグループ(株),東証1部,その他金融業,100,
7201,日産自動車(株),東証1部,輸送用機器,100,1.0
7205,日野自動車(株),東証1部,輸送用機器,100,1.0
7208,(株)カネミツ,東証2部,輸送用機器,100,
7211,三菱自動車(株),東証1部,輸送用機器,100,1.0
7212,(株)エフテック,東証1部,輸送用機器,100,
7214,ＧＭＢ(株),東証1部,輸送用機器,100,
7217,(株)テイン,東証JQS,輸送用機器,100,
7218,田中精密工業(株),東証JQS,輸送用機器,100,
7220,武蔵精密工業(株),東証1部,輸送用機器,100,
7222,日産車体(株),東証1部,輸送用機器,100,
7229,(株)ユタカ技研,東証JQS,輸送用機器,100,
7231,トピー工業(株),東証1部,輸送用機器,100,
7235,東京ラヂエーター製造(株),東証2部,輸送用機器,100,
7236,(株)ティラド,東証1部,輸送用機器,100,
7239,(株)タチエス,東証1部,輸送用機器,100,
7240,ＮＯＫ(株),東証1部,輸送用機器,100,
7241,フタバ産業(株),東証1部,輸送用機器,100,
7245,大同メタル工業(株),東証1部,輸送用機器,100,
7247,(株)ミクニ,東証1部,輸送用機器,100,
7251,(株)ケーヒン,東証1部,輸送用機器,100,
7254,(株)ユニバンス,東証2部,輸送用機器,100,
7255,(株)桜井製作所,東証JQS,輸送用機器,100,
7256,河西工業(株),東証1部,輸送用機器,100,
7259,アイシン精機(株),東証1部,輸送用機器,100,
7261,マツダ(株),東証1部,輸送用機器,100,1.0
7264,(株)ムロコーポレーション,東証JQS,輸送用機器,100,
7266,(株)今仙電機製作所,東証1部,輸送用機器,100,
7267,ホンダ,東証1部,輸送用機器,100,1.0
7268,(株)タツミ,東証JQS,輸送用機器,100,
7271,(株)安永,東証1部,輸送用機器,100,
7273,(株)イクヨ,東証2部,輸送用機器,100,
7277,(株)ＴＢＫ,東証1部,輸送用機器,100,
7280,(株)ミツバ,東証1部,電気機器,100,
7282,豊田合成(株),東証1部,輸送用機器,100,
7283,愛三工業(株),東証1部,輸送用機器,100,
7284,盟和産業(株),東証1部,輸送用機器,100,
7287,日本精機(株),東証2部,輸送用機器,100,
7294,(株)ヨロズ,東証1部,輸送用機器,100,
7297,(株)カーメイト,東証JQS,輸送用機器,100,
7298,八千代工業(株),東証JQS,輸送用機器,100,
7299,フジオーゼックス(株),東証2部,輸送用機器,100,
7305,新家工業(株),東証1部,鉄鋼,100,
7320,日本リビング保証(株),マザーズ,その他金融業,100,
7325,(株)アイリックコーポレーション,マザーズ,保険業,100,
7399,(株)ナンシン,東証JQS,輸送用機器,100,
7408,(株)ジャムコ,東証1部,輸送用機器,100,
7412,(株)アトム,東証2部,小売業,100,
7414,小野建(株),東証1部,卸売業,100,
7416,(株)はるやまホールディングス,東証1部,小売業,100,
7417,(株)南陽,東証1部,卸売業,100,
7420,佐鳥電機(株),東証1部,卸売業,100,
7426,(株)山大,東証JQS,卸売業,100,
7427,エコートレーディング(株),東証1部,卸売業,100,
7433,伯東(株),東証1部,卸売業,100,
7434,(株)オータケ,東証JQS,卸売業,100,
7435,(株)ナ・デックス,東証JQS,卸売業,100,
7442,中山福(株),東証1部,卸売業,100,
7443,横浜魚類(株),東証JQS,卸売業,100,
7444,ハリマ共和物産(株),東証2部,卸売業,100,
7450,(株)サンデー,東証JQS,小売業,100,
7451,三菱食品(株),東証1部,卸売業,100,
7455,(株)三城ホールディングス,東証1部,小売業,100,
7460,(株)ヤギ,東証2部,卸売業,100,
7462,ダイヤ通商(株),東証JQS,小売業,100,
7466,ＳＰＫ(株),東証1部,卸売業,100,
7467,萩原電気ホールディングス(株),東証1部,卸売業,100,
7472,(株)鳥羽洋行,東証JQS,卸売業,100,
7475,アルビス(株),東証1部,小売業,100,
7476,アズワン(株),東証1部,卸売業,100,
7477,ムラキ(株),東証JQS,卸売業,100,
7480,スズデン(株),東証1部,卸売業,100,
7481,尾家産業(株),東証1部,卸売業,100,
7482,(株)シモジマ,東証1部,卸売業,100,
7487,小津産業(株),東証1部,卸売業,100,
7490,日新商事(株),東証2部,卸売業,100,
7502,(株)プラザクリエイト本社,東証JQS,サービス業,100,
7506,(株)ハウス　オブ　ローゼ,東証1部,小売業,100,
7509,アイエーグループ(株),東証JQS,小売業,100,
7510,(株)たけびし,東証1部,卸売業,100,
7515,(株)マルヨシセンター,東証2部,小売業,100,
7521,(株)ムサシ,東証JQS,卸売業,100,
7522,ワタミ(株),東証1部,小売業,100,
7523,アールビバン(株),東証JQS,小売業,100,
7524,マルシェ(株),東証1部,小売業,100,
7525,リックス(株),東証1部,卸売業,100,
7537,丸文(株),東証1部,卸売業,100,
7538,(株)大水,東証2部,卸売業,100,
7544,(株)スリーエフ,東証2部,小売業,100,
7545,(株)西松屋チェーン,東証1部,小売業,100,
7551,(株)ウェッズ,東証JQS,輸送用機器,100,
7552,(株)ハピネット,東証1部,卸売業,100,
7554,(株)幸楽苑ホールディングス,東証1部,小売業,100,
7555,(株)大田花き,東証JQS,卸売業,100,
7559,ジーエフシー(株),東証JQS,卸売業,100,
7561,(株)ハークスレイ,東証1部,小売業,100,
7565,萬世電機(株),東証2部,卸売業,100,
7567,(株)栄電子,東証JQS,卸売業,100,
7578,(株)ニチリョク,東証JQS,小売業,100,
7585,(株)かんなん丸,東証JQS,小売業,100,
7590,(株)タカショー,東証1部,卸売業,100,
7593,ＶＴホールディングス(株),東証1部,小売業,100,
7595,(株)アルゴグラフィックス,東証1部,情報・通信,100,
7596,(株)魚力,東証1部,小売業,100,
7597,東京貴宝(株),東証JQS,卸売業,100,
7599,(株)ＩＤＯＭ,東証1部,卸売業,100,
7603,(株)マックハウス,東証JQS,小売業,100,
7604,(株)梅の花,東証2部,小売業,100,
7606,(株)ユナイテッドアローズ,東証1部,小売業,100,
7608,(株)エスケイジャパン,東証1部,卸売業,100,
7611,(株)ハイデイ日高,東証1部,小売業,100,
7614,(株)オーエムツーネットワーク,東証JQS,小売業,100,
7615,京都きもの友禅(株),東証1部,小売業,100,
7616,(株)コロワイド,東証1部,小売業,100,
7619,田中商事(株),東証1部,卸売業,100,
7623,(株)サンオータス,東証JQS,小売業,100,
7628,(株)オーハシテクニカ,東証1部,卸売業,100,
7630,(株)壱番屋,東証1部,小売業,100,
7634,(株)星医療酸器,東証JQS,卸売業,100,
7635,杉田エース(株),東証JQS,卸売業,100,
7636,(株)ハンズマン,東証JQS,小売業,100,
7637,白銅(株),東証1部,卸売業,100,
7647,(株)音通,東証2部,小売業,100,
7670,オーウエル(株),東証2部,卸売業,100,
7673,ダイコー通産(株),東証1部,卸売業,100,
7674,(株)ＮＡＴＴＹ　ＳＷＡＮＫＹ,マザーズ,小売業,100,
7677,(株)ヤシマキザイ,東証2部,卸売業,100,
7678,(株)あさくま,東証JQS,小売業,100,
7686,(株)カクヤス,東証2部,卸売業,100,
7687,(株)ミクリード,マザーズ,卸売業,100,
7702,(株)ＪＭＳ,東証1部,精密機器,100,
7703,川澄化学工業(株),東証2部,精密機器,100,
7713,シグマ光機(株),東証JQS,精密機器,100,
7717,(株)ブイ・テクノロジー,東証1部,精密機器,100,
7721,東京計器(株),東証1部,精密機器,100,
7722,国際計測器(株),東証JQS,精密機器,100,
7723,愛知時計電機(株),東証1部,精密機器,100,
7725,(株)インターアクション,東証1部,精密機器,100,
7726,黒田精工(株),東証2部,機械,100,
7727,(株)オーバル,東証1部,精密機器,100,
7731,(株)ニコン,東証1部,精密機器,100,1.0
7732,(株)トプコン,東証1部,精密機器,100,
7735,(株)ＳＣＲＥＥＮホールディングス,東証1部,電気機器,100,1.0
7743,(株)シード,東証1部,精密機器,100,
7744,ノーリツ鋼機(株),東証1部,精密機器,100,
7748,(株)ホロン,東証JQS,精密機器,100,
7749,メディキット(株),東証JQS,精密機器,100,
7752,(株)リコー,東証1部,電気機器,100,1.0
7758,(株)セコニック,東証2部,機械,100,
7762,シチズン時計(株),東証1部,精密機器,100,1.0
7768,ジェコー(株),東証2部,精密機器,100,
7769,リズム時計工業(株),東証1部,精密機器,100,
7775,大研医器(株),東証1部,精密機器,100,
7807,(株)幸和製作所,東証JQS,その他製品,100,
7808,(株)シー・エス・ランバー,東証JQS,その他製品,100,
7809,(株)壽屋,東証JQS,その他製品,100,
7811,中本パックス(株),東証1部,その他製品,100,
7813,(株)プラッツ,マザーズ,その他製品,100,
7822,永大産業(株),東証1部,その他製品,100,
7826,(株)フルヤ金属,東証JQS,その他製品,100,
7837,(株)アールシーコア,東証JQS,その他製品,100,
7838,共立印刷(株),東証1部,その他製品,100,
7840,フランスベッドホールディングス(株),東証1部,その他製品,100,
7844,(株)マーベラス,東証1部,情報・通信,100,
7847,(株)グラファイトデザイン,東証JQS,その他製品,100,
7855,カーディナル(株),東証JQG,その他製品,100,
7857,セキ(株),東証JQS,その他製品,100,
7860,エイベックス(株),東証1部,情報・通信,100,
7862,トッパン・フォームズ(株),東証1部,その他製品,100,
7865,ピープル(株),東証JQS,その他製品,100,
7871,フクビ化学工業(株),東証2部,化学,100,
7872,エステールホールディングス(株),東証1部,その他製品,100,
7875,竹田印刷(株),東証2部,その他製品,100,
7877,永大化工(株),東証JQS,化学,100,
7883,サンメッセ(株),東証JQS,その他製品,100,
7885,タカノ(株),東証1部,その他製品,100,
7887,南海プライウッド(株),東証2部,その他製品,100,
7888,三光合成(株),東証1部,化学,100,
7896,セブン工業(株),東証2部,その他製品,100,
7897,ホクシン(株),東証1部,その他製品,100,
7898,(株)ウッドワン,東証1部,その他製品,100,
7899,ＭＩＣＳ化学(株),東証JQS,化学,100,
7901,(株)マツモト,東証JQS,その他製品,100,
7902,(株)ソノコム,東証JQS,その他製品,100,
7908,ＫＩＭＯＴＯ,東証1部,化学,100,
7914,共同印刷(株),東証1部,その他製品,100,
7916,光村印刷(株),東証1部,その他製品,100,
7919,野崎印刷紙業(株),東証2部,その他製品,100,
7921,(株)ＴＡＫＡＲＡ　＆　ＣＯＭＰＡＮＹ,東証1部,その他製品,100,
7922,三光産業(株),東証JQS,その他製品,100,
7923,トーイン(株),東証JQS,その他製品,100,
7925,前澤化成工業(株),東証1部,化学,100,
7932,(株)ニッピ,東証JQS,その他製品,100,
7937,(株)ツツミ,東証1部,その他製品,100,
7938,(株)リーガルコーポレーション,東証JQS,その他製品,100,
7939,(株)研創,東証JQS,その他製品,100,
7940,ウェーブロックホールディングス(株),東証1部,化学,100,
7942,(株)ＪＳＰ,東証1部,化学,100,
7945,コマニー(株),東証2部,その他製品,100,
7949,小松ウオール工業(株),東証1部,その他製品,100,
7953,菊水化学工業(株),東証2部,その他製品,100,
7955,クリナップ(株),東証1部,その他製品,100,
7958,天馬(株),東証1部,化学,100,
7961,兼松サステック(株),東証1部,その他製品,100,
7971,東リ(株),東証1部,化学,100,
7975,(株)リヒトラブ,東証2部,その他製品,100,
7979,(株)松風,東証1部,精密機器,100,
7980,(株)重松製作所,東証JQS,その他製品,100,
7985,ネポン(株),東証2部,金属製品,100,
7990,グローブライド(株),東証1部,その他製品,100,
7991,マミヤ・オーピー(株),東証2部,機械,100,
7995,(株)バルカー,東証1部,化学,100,
7999,ＭＵＴＯＨホールディングス(株),東証1部,電気機器,100,
8002,丸紅(株),東証1部,卸売業,100,1.0
8005,(株)スクロール,東証1部,小売業,100,
8006,ユアサ・フナショク(株),東証2部,卸売業,100,
8007,高島(株),東証1部,卸売業,100,
8008,４℃ホールディングス,東証1部,小売業,100,
8012,長瀬産業(株),東証1部,卸売業,100,
8016,(株)オンワードホールディングス,東証1部,繊維製品,100,
8022,ミズノ(株),東証1部,その他製品,100,
8025,(株)ツカモトコーポレーション,東証1部,卸売業,100,
8028,(株)ファミリーマート,東証1部,小売業,100,1.0
8030,中央魚類(株),東証2部,卸売業,100,
8032,日本紙パルプ商事(株),東証1部,卸売業,100,
8038,東都水産(株),東証1部,卸売業,100,
8039,築地魚市場(株),東証2部,卸売業,100,
8041,ＯＵＧホールディングス(株),東証1部,卸売業,100,
8043,スターゼン(株),東証1部,卸売業,100,
8045,横浜丸魚(株),東証JQS,卸売業,100,
8046,丸藤シートパイル(株),東証2部,卸売業,100,
8050,セイコーホールディングス(株),東証1部,精密機器,100,
8052,椿本興業(株),東証1部,卸売業,100,
8053,住友商事(株),東証1部,卸売業,100,1.0
8058,三菱商事(株),東証1部,卸売業,100,1.0
8059,第一実業(株),東証1部,卸売業,100,
8061,西華産業(株),東証1部,卸売業,100,
8065,佐藤商事(株),東証1部,卸売業,100,
8068,菱洋エレクトロ(株),東証1部,卸売業,100,
8072,日本出版貿易(株),東証JQS,卸売業,100,
8075,神鋼商事(株),東証1部,卸売業,100,
8078,阪和興業(株),東証1部,卸売業,100,
8084,菱電商事(株),東証1部,卸売業,100,
8085,ナラサキ産業(株),東証2部,卸売業,100,
8086,ニプロ(株),東証1部,精密機器,100,
8089,ナイス(株),東証1部,卸売業,100,
8091,ニチモウ(株),東証1部,卸売業,100,
8093,極東貿易(株),東証1部,卸売業,100,
8096,兼松エレクトロニクス(株),東証1部,情報・通信,100,
8101,(株)ＧＳＩクレオス,東証1部,卸売業,100,
8104,(株)クワザワ,東証1部,卸売業,100,
8108,ヤマエ久野(株),東証1部,卸売業,100,
8115,ムーンバット(株),東証2部,卸売業,100,
8117,中央自動車工業(株),東証2部,卸売業,100,
8118,(株)キング,東証1部,繊維製品,100,
8123,川辺(株),東証JQS,卸売業,100,
8125,(株)ワキタ,東証1部,卸売業,100,
8129,東邦ホールディングス(株),東証1部,卸売業,100,
8130,(株)サンゲツ,東証1部,卸売業,100,
8135,ゼット(株),東証2部,卸売業,100,
8136,(株)サンリオ,東証1部,卸売業,100,
8137,サンワテクノス(株),東証1部,卸売業,100,
8138,三京化成(株),東証2部,卸売業,100,
8139,(株)ナガホリ,東証2部,卸売業,100,
8140,(株)リョーサン,東証1部,卸売業,100,
8141,新光商事(株),東証1部,卸売業,100,
8142,(株)トーホー,東証1部,卸売業,100,
8144,(株)電響社,東証2部,卸売業,100,
8147,(株)トミタ,東証JQS,卸売業,100,
8150,三信電気(株),東証1部,卸売業,100,
8152,ソマール(株),東証2部,卸売業,100,
8153,(株)モスフードサービス,東証1部,卸売業,100,
8158,ソーダニッカ(株),東証1部,卸売業,100,
8160,(株)木曽路,東証1部,小売業,100,
8167,(株)リテールパートナーズ,東証1部,小売業,100,
8168,(株)ケーヨー,東証1部,小売業,100,
8173,上新電機(株),東証1部,小売業,100,
8182,(株)いなげや,東証1部,小売業,100,
8185,(株)チヨダ,東証1部,小売業,100,
8194,(株)ライフコーポレーション,東証1部,小売業,100,
8198,マックスバリュ東海(株),東証2部,小売業,100,
8200,(株)リンガーハット,東証1部,小売業,100,
8203,(株)ＭｒＭａｘＨＤ,東証1部,小売業,100,
8208,(株)エンチョー,東証JQS,小売業,100,
8214,(株)ＡＯＫＩホールディングス,東証1部,小売業,100,
8217,(株)オークワ,東証1部,小売業,100,
8219,青山商事(株),東証1部,小売業,100,
8225,(株)タカチホ,東証JQS,卸売業,100,
8226,(株)理経,東証2部,卸売業,100,
8230,(株)はせがわ,東証1部,小売業,100,
8233,(株)高島屋,東証1部,小売業,100,1.0
8237,(株)松屋,東証1部,小売業,100,
8242,エイチ・ツー・オー　リテイリング(株),東証1部,小売業,100,
8244,(株)近鉄百貨店,東証1部,小売業,100,
8249,(株)テクノアソシエ,東証2部,卸売業,100,
8252,(株)丸井グループ,東証1部,小売業,100,1.0
8253,(株)クレディセゾン,東証1部,その他金融業,100,1.0
8267,イオン(株),東証1部,小売業,100,1.0
8276,(株)平和堂,東証1部,小売業,100,
8278,(株)フジ,東証1部,小売業,100,
8281,ゼビオホールディングス(株),東証1部,小売業,100,
8285,三谷産業(株),東証1部,卸売業,100,
8287,マックスバリュ西日本(株),東証2部,小売業,100,
8289,(株)Ｏｌｙｍｐｉｃグループ,東証1部,小売業,100,
8424,芙蓉総合リース(株),東証1部,その他金融業,100,
8425,みずほリース(株),東証1部,その他金融業,100,
8439,東京センチュリー(株),東証1部,その他金融業,100,
8473,ＳＢＩホールディングス(株),東証1部,証券業,100,
8566,リコーリース(株),東証1部,その他金融業,100,
8584,(株)ジャックス,東証1部,その他金融業,100,
8585,(株)オリエントコーポレーション,東証1部,その他金融業,100,
8586,日立キャピタル(株),東証1部,その他金融業,100,
8593,三菱ＵＦＪリース(株),東証1部,その他金融業,100,
8596,(株)九州リースサービス,東証1部,その他金融業,100,
8613,丸三証券(株),東証1部,証券業,100,
8614,東洋証券(株),東証1部,証券業,100,
8616,東海東京フィナンシャル・ホールディングス(株),東証1部,証券業,100,
8617,光世証券(株),東証1部,証券業,100,
8622,水戸証券(株),東証1部,証券業,100,
8624,いちよし証券(株),東証1部,証券業,100,
8630,ＳＯＭＰＯホールディングス(株),東証1部,保険業,100,1.0
8697,(株)日本取引所グループ,東証1部,その他金融業,100,
8698,マネックスグループ(株),東証1部,証券業,100,
8700,丸八証券(株),東証JQS,証券業,100,
8707,岩井コスモホールディングス(株),東証1部,証券業,100,
8708,藍澤證券(株),東証1部,証券業,100,
8725,ＭＳ＆ＡＤインシュアランスグループホールディングス(株),東証1部,保険業,100,1.0
8732,(株)マネーパートナーズグループ,東証1部,証券業,100,
8737,(株)あかつき本社,東証2部,証券業,100,
8740,(株)フジトミ,東証JQS,証券業,100,
8742,(株)小林洋行,東証1部,証券業,100,
8747,豊商事(株),東証JQS,証券業,100,
8750,第一生命ホールディングス(株),東証1部,保険業,100,1.0
8766,東京海上ホールディングス(株),東証1部,保険業,100,1.0
8769,(株)アドバンテッジリスクマネジメント,東証1部,サービス業,100,
8793,ＮＥＣキャピタルソリューション(株),東証1部,その他金融業,100,
8795,(株)Ｔ＆Ｄホールディングス,東証1部,保険業,100,1.0
8801,三井不動産(株),東証1部,不動産業,100,1.0
8802,三菱地所(株),東証1部,不動産業,100,1.0
8803,平和不動産(株),東証1部,不動産業,100,
8806,ダイビル(株),東証1部,不動産業,100,
8818,京阪神ビルディング(株),東証1部,不動産業,100,
8830,住友不動産(株),東証1部,不動産業,100,1.0
8835,太平洋興発(株),東証1部,卸売業,100,
8842,(株)東京楽天地,東証1部,不動産業,100,
8844,(株)コスモスイニシア,東証JQS,不動産業,100,
8860,フジ住宅(株),東証1部,不動産業,100,
8864,空港施設(株),東証1部,不動産業,100,
8869,明和地所(株),東証1部,不動産業,100,
8886,(株)ウッドフレンズ,東証JQS,不動産業,100,
8887,リベレステ(株),東証JQS,不動産業,100,
8891,(株)エムジーホーム,東証2部,不動産業,100,
8893,(株)新日本建物,東証JQS,不動産業,100,
8898,(株)センチュリー２１・ジャパン,東証JQS,不動産業,100,
8903,(株)サンウッド,東証JQS,不動産業,100,
8908,(株)毎日コムネット,東証1部,不動産業,100,
8912,(株)エリアクエスト,東証2部,不動産業,100,
8931,和田興産(株),東証2部,不動産業,100,
8940,(株)インテリックス,東証1部,不動産業,100,
8945,日本社宅サービス(株),東証1部,不動産業,100,
8995,(株)誠建設工業,東証2部,不動産業,100,
8999,グランディハウス(株),東証1部,不動産業,100,
9001,東武鉄道(株),東証1部,陸運業,100,1.0
9003,相鉄ホールディングス(株),東証1部,陸運業,100,
9005,東急(株),東証1部,陸運業,100,1.0
9006,京浜急行電鉄(株),東証1部,陸運業,100,
9007,小田急電鉄(株),東証1部,陸運業,100,1.0
9008,京王電鉄(株),東証1部,陸運業,100,1.0
9010,富士急行(株),東証1部,陸運業,100,
9014,新京成電鉄(株),東証1部,陸運業,100,
9017,新潟交通(株),東証2部,陸運業,100,
9020,東日本旅客鉄道(株),東証1部,陸運業,100,1.0
9024,(株)西武ホールディングス,東証1部,陸運業,100,
9025,鴻池運輸(株),東証1部,陸運業,100,
9029,(株)ヒガシトゥエンティワン,東証2部,陸運業,100,
9031,西日本鉄道(株),東証1部,陸運業,100,
9033,広島電鉄(株),東証2部,陸運業,100,
9034,南総通運(株),東証JQS,陸運業,100,
9036,東部ネットワーク(株),東証JQS,陸運業,100,
9041,近鉄グループホールディングス(株),東証1部,陸運業,100,
9042,阪急阪神ホールディングス(株),東証1部,陸運業,100,
9044,南海電気鉄道(株),東証1部,陸運業,100,
9048,名古屋鉄道(株),東証1部,陸運業,100,
9049,京福電気鉄道(株),東証2部,陸運業,100,
9051,センコン物流(株),東証JQS,陸運業,100,
9052,山陽電気鉄道(株),東証1部,陸運業,100,
9057,遠州トラック(株),東証JQS,陸運業,100,
9058,トランコム(株),東証1部,倉庫・運輸関連業,100,
9060,日本ロジテム(株),東証JQS,陸運業,100,
9062,日本通運(株),東証1部,陸運業,100,1.0
9063,岡山県貨物運送(株),東証2部,陸運業,100,
9064,ヤマトホールディングス(株),東証1部,陸運業,100,1.0
9066,(株)日新,東証1部,倉庫・運輸関連業,100,
9067,(株)丸運,東証1部,陸運業,100,
9073,京極運輸商事(株),東証JQS,陸運業,100,
9074,日本石油輸送(株),東証1部,陸運業,100,
9075,福山通運(株),東証1部,陸運業,100,
9081,神奈川中央交通(株),東証1部,陸運業,100,
9083,神姫バス(株),東証2部,陸運業,100,
9087,タカセ(株),東証JQS,陸運業,100,
9101,日本郵船(株),東証1部,海運業,100,1.0
9104,(株)商船三井,東証1部,海運業,100,1.0
9110,ＮＳユナイテッド海運(株),東証1部,海運業,100,
9115,明治海運(株),東証1部,海運業,100,
9119,飯野海運(株),東証1部,海運業,100,
9171,栗林商船(株),東証2部,海運業,100,
9179,川崎近海汽船(株),東証2部,海運業,100,
9193,東京汽船(株),東証2部,倉庫・運輸関連業,100,
9265,ヤマシタヘルスケアホールディングス(株),東証1部,卸売業,100,
9268,(株)オプティマスグループ,東証2部,卸売業,100,
9273,コーア商事ホールディングス(株),東証2部,卸売業,100,
9274,国際紙パルプ商事(株),東証1部,卸売業,100,
9278,ブックオフグループホールディングス(株),東証1部,小売業,100,
9301,三菱倉庫(株),東証1部,倉庫・運輸関連業,100,1.0
9303,(株)住友倉庫,東証1部,倉庫・運輸関連業,100,
9304,澁澤倉庫(株),東証1部,倉庫・運輸関連業,100,
9305,(株)ヤマタネ,東証1部,卸売業,100,
9306,東陽倉庫(株),東証1部,倉庫・運輸関連業,100,
9308,乾汽船(株),東証1部,海運業,100,
9310,日本トランスシティ(株),東証1部,倉庫・運輸関連業,100,
9311,アサガミ(株),東証2部,倉庫・運輸関連業,100,
9312,ケイヒン(株),東証1部,倉庫・運輸関連業,100,
9319,(株)中央倉庫,東証1部,倉庫・運輸関連業,100,
9322,川西倉庫(株),東証1部,倉庫・運輸関連業,100,
9324,安田倉庫(株),東証1部,倉庫・運輸関連業,100,
9351,東洋埠頭(株),東証1部,倉庫・運輸関連業,100,
9353,櫻島埠頭(株),東証2部,倉庫・運輸関連業,100,
9355,(株)リンコーコーポレーション,東証2部,倉庫・運輸関連業,100,
9360,鈴与シンワート(株),東証2部,情報・通信,100,
9361,伏木海陸運送(株),東証2部,倉庫・運輸関連業,100,
9362,兵機海運(株),東証2部,倉庫・運輸関連業,100,
9365,トレーディア(株),東証2部,倉庫・運輸関連業,100,
9366,(株)サンリツ,東証1部,倉庫・運輸関連業,100,
9367,大東港運(株),東証JQS,倉庫・運輸関連業,100,
9375,(株)近鉄エクスプレス,東証1部,倉庫・運輸関連業,100,
9380,東海運(株),東証1部,倉庫・運輸関連業,100,
9381,(株)エーアイテイー,東証1部,倉庫・運輸関連業,100,
9405,朝日放送グループホールディングス(株),東証1部,情報・通信,100,
9409,(株)テレビ朝日ホールディングス,東証1部,情報・通信,100,
9413,(株)テレビ東京ホールディングス,東証1部,情報・通信,100,
9417,(株)スマートバリュー,東証1部,情報・通信,100,
9421,(株)エヌジェイホールディングス,東証JQS,情報・通信,100,
9423,(株)ＦＲＳ,東証JQS,情報・通信,100,
9436,沖縄セルラー電話(株),東証JQS,情報・通信,100,
9439,(株)エム・エイチ・グループ,東証JQS,サービス業,100,
9444,(株)トーシンホールディングス,東証JQS,情報・通信,100,
9445,(株)フォーバルテレコム,東証2部,情報・通信,100,
9466,(株)アイドママーケティングコミュニケーション,東証1部,情報・通信,100,
9468,(株)ＫＡＤＯＫＡＷＡ,東証1部,情報・通信,100,
9479,(株)インプレスホールディングス,東証1部,情報・通信,100,
9502,中部電力(株),東証1部,電気・ガス業,100,1.0
9503,関西電力(株),東証1部,電気・ガス業,100,1.0
9504,中国電力(株),東証1部,電気・ガス業,100,
9505,北陸電力(株),東証1部,電気・ガス業,100,
9506,東北電力(株),東証1部,電気・ガス業,100,
9507,四国電力(株),東証1部,電気・ガス業,100,
9508,九州電力(株),東証1部,電気・ガス業,100,
9509,北海道電力(株),東証1部,電気・ガス業,100,
9511,沖縄電力(株),東証1部,電気・ガス業,100,
9513,Ｊ−ＰＯＷＥＲ,東証1部,電気・ガス業,100,
9531,東京ガス(株),東証1部,電気・ガス業,100,1.0
9532,大阪ガス(株),東証1部,電気・ガス業,100,1.0
9533,東邦ガス(株),東証1部,電気・ガス業,100,
9534,北海道ガス(株),東証1部,電気・ガス業,100,
9535,広島ガス(株),東証1部,電気・ガス業,100,
9536,西部ガス(株),東証1部,電気・ガス業,100,
9537,北陸ガス(株),東証2部,電気・ガス業,100,
9600,(株)アイネット,東証1部,情報・通信,100,
9601,松竹(株),東証1部,情報・通信,100,
9619,(株)イチネンホールディングス,東証1部,サービス業,100,
9625,(株)セレスポ,東証JQS,サービス業,100,
9628,燦ホールディングス(株),東証1部,サービス業,100,
9629,ピー・シー・エー(株),東証1部,情報・通信,100,
9632,スバル興業(株),東証1部,サービス業,100,
9633,東京テアトル(株),東証1部,サービス業,100,
9636,(株)きんえい,東証2部,サービス業,100,
9637,オーエス(株),東証2部,サービス業,100,
9639,三協フロンテア(株),東証JQS,サービス業,100,
9640,(株)セゾン情報システムズ,東証JQS,情報・通信,100,
9644,(株)タナベ経営,東証1部,サービス業,100,
9651,日本プロセス(株),東証JQS,情報・通信,100,
9658,(株)ビジネスブレイン太田昭和,東証1部,情報・通信,100,
9661,(株)歌舞伎座,東証2部,サービス業,100,
9663,(株)ナガワ,東証1部,サービス業,100,
9675,常磐興産(株),東証1部,サービス業,100,
9681,(株)東京ドーム,東証1部,サービス業,100,
9686,東洋テック(株),東証2部,サービス業,100,
9687,(株)ＫＳＫ,東証JQS,情報・通信,100,
9691,(株)両毛システムズ,東証JQS,情報・通信,100,
9698,(株)クレオ,東証JQS,情報・通信,100,
9701,(株)東京會舘,東証2部,サービス業,100,
9706,日本空港ビルデング(株),東証1部,不動産業,100,
9707,(株)ユニマット　リタイアメント・コミュニティ,東証JQS,サービス業,100,
9708,(株)帝国ホテル,東証2部,サービス業,100,
9709,ＮＣＳ＆Ａ(株),東証2部,情報・通信,100,
9723,(株)京都ホテル,東証2部,サービス業,100,
9733,(株)ナガセ,東証JQS,サービス業,100,
9734,(株)精養軒,東証JQS,サービス業,100,
9744,(株)メイテック,東証1部,サービス業,100,
9760,(株)進学会ホールディングス,東証1部,サービス業,100,
9761,東海リース(株),東証2部,サービス業,100,
9763,丸紅建材リース(株),東証1部,卸売業,100,
9765,(株)オオバ,東証1部,サービス業,100,
9778,(株)昴,東証JQS,サービス業,100,
9780,(株)ハリマビステム,東証JQS,サービス業,100,
9782,(株)ディーエムエス,東証JQS,サービス業,100,
9783,(株)ベネッセホールディングス,東証1部,サービス業,100,
9788,(株)ナック,東証1部,サービス業,100,
9790,福井コンピュータホールディングス(株),東証1部,情報・通信,100,
9799,旭情報サービス(株),東証2部,情報・通信,100,
9810,日鉄物産(株),東証1部,卸売業,100,
9820,エムティジェネックス(株),東証JQS,不動産業,100,
9831,(株)ヤマダ電機,東証1部,小売業,100,
9832,(株)オートバックスセブン,東証1部,卸売業,100,
9835,(株)ジュンテンドー,東証2部,小売業,100,
9846,(株)天満屋ストア,東証2部,小売業,100,
9849,(株)共同紙販ホールディングス,東証JQS,卸売業,100,
9852,ＣＢグループマネジメント(株),東証JQS,卸売業,100,
9853,(株)銀座ルノアール,東証JQS,小売業,100,
9857,英和(株),東証2部,卸売業,100,
9861,(株)吉野家ホールディングス,東証1部,小売業,100,
9873,日本ＫＦＣホールディングス(株),東証2部,小売業,100,
9880,イノテック(株),東証1部,卸売業,100,
9885,(株)シャルレ,東証2部,卸売業,100,
9888,(株)ＵＥＸ,東証JQS,卸売業,100,
9890,(株)マキヤ,東証JQS,小売業,100,
9895,(株)コンセック,東証JQS,卸売業,100,
9896,ＪＫホールディングス(株),東証1部,卸売業,100,
9904,(株)ベリテ,東証2部,小売業,100,
9913,日邦産業(株),東証JQS,卸売業,100,
9914,(株)植松商会,東証JQS,卸売業,100,
9919,(株)関西スーパーマーケット,東証1部,小売業,100,
9927,(株)ワットマン,東証JQS,小売業,100,
9929,平和紙業(株),東証2部,卸売業,100,
9930,北沢産業(株),東証1部,卸売業,100,
9932,杉本商事(株),東証1部,卸売業,100,
9936,(株)王将フードサービス,東証1部,小売業,100,
9945,(株)プレナス,東証1部,小売業,100,
9946,ミニストップ(株),東証1部,小売業,100,
9950,(株)ハチバン,東証JQS,小売業,100,
9955,(株)ヨンキュウ,東証JQS,卸売業,100,
9956,(株)バローホールディングス,東証1部,小売業,100,
9959,アシードホールディングス(株),東証2部,小売業,100,
9960,東テク(株),東証1部,卸売業,100,
9967,堺商事(株),東証2部,卸売業,100,
9976,(株)セキチュー,東証JQS,小売業,100,
9977,(株)アオキスーパー,東証JQS,小売業,100,
9980,ＭＲＫホールディングス(株),東証2部,小売業,100,
9982,タキヒヨー(株),東証1部,卸売業,100,
9984,ソフトバンクグループ(株),東証1部,情報・通信,100,1.0
9987,(株)スズケン,東証1部,卸売業,100,
9993,(株)ヤマザワ,東証1部,小売業,100,
9994,(株)やまや,東証1部,小売業,100,
9995,(株)グローセル,東証1部,卸売業,100,
9997,(株)ベルーナ,東証1部,小売業,100,
