,Address,BuildingAge,RegDate,Price,SaleableArea,GrossArea,UnitPricePerSaleableArea,UnitPricePerGrossArea,LastHold,GainLoss
0,FLAT E 21/F BLOCK 22 PHASE 3 PARK ISLAND,15,23/12/2020,5.8,490,653,11837,8882,3688,108
1,FLAT F 10/F BLOCK 6 PHASE 2 PARK ISLAND,18,22/12/2020,6.16,531,694,11601,8876,4355,187
2,FLAT D 22/F BLOCK 5 PHASE 2 PARK ISLAND,18,21/12/2020,7.8,602,770,12957,10130,4197,130
3,FLAT A 25/F BLOCK 25 PHASE 3 PARK ISLAND,15,17/12/2020,7,617,800,11345,8750,4179,111
4,FLAT F 6/F TOWER 28 PHASE 5 OCEANCREST PARK ISLAND,14,16/12/2020,6.09,575,735,10588,8283,1264,1
5,FLAT A 13/F TOWER 28 PHASE 5 OCEANCREST PARK ISLAND,14,15/12/2020,5.98,476,622,12563,9614,2992,54
6,FLAT E 6/F BLOCK 12 PHASE 1 PARK ISLAND,18,14/12/2020,6,537,706,11173,8499,2733,46
7,FLAT L 22/F BLOCK 17 PHASE 1 PARK ISLAND,18,14/12/2020,5.2,360,488,14444,10656,1323,6
8,FLAT F 17/F BLOCK 8 PHASE 1 PARK ISLAND,18,14/12/2020,6.25,531,694,11770,9006,5803,203
9,FLAT F 31/F TOWER 27 PHASE 5 OCEANCREST PARK ISLAND,14,9/12/2020,6.2,589,737,10526,8412,4578,88
10,FLAT G 20/F BLOCK 1 PHASE 3 PARK ISLAND,15,7/12/2020,6.6,532,678,12406,9735,2888,63
11,FLAT B 19/F BLOCK 2 PHASE 2 PARK ISLAND,18,4/12/2020,10,781,1000,12804,10000,3931,117
12,FLAT H 6/F BLOCK 5 PHASE 2 PARK ISLAND,18,1/12/2020,5.85,522,686,11207,8528,5061,208
13,FLAT E 8/F BLOCK 9 PHASE 1 PARK ISLAND,18,27/11/2020,6.02,537,706,11210,8527,3563,98
14,FLAT D 12/F BLOCK 23 PHASE 3 PARK ISLAND,15,27/11/2020,7.5,617,800,12156,9375,3650,104
15,FLAT C 26/F TOWER 30 PHASE 5 OCEANCREST PARK ISLAND,14,26/11/2020,7.48,574,736,13031,10163,3926,132
16,FLAT A 9/F TOWER 26 PHASE 5 OCEANCREST PARK ISLAND,14,23/11/2020,6.07,476,622,12752,9759,3915,134
17,FLAT D 12/F BLOCK 3 PHASE 2 PARK ISLAND,18,20/11/2020,8.2,632,816,12975,10049,1585,44
18,FLAT A 16/F BLOCK 1 PHASE 3 PARK ISLAND,15,17/11/2020,8.8,707,912,12447,9649,4669,135
19,FLAT G 16/F BLOCK 20 PHASE 3 PARK ISLAND,15,16/11/2020,6.07,532,678,11406,8950,5097,177
20,FLAT B 8/F BLOCK 6 PHASE 2 PARK ISLAND,18,16/11/2020,8.39,668,878,12560,9556,2077,25
21,FLAT B 20/F TOWER 31 PHASE 5 OCEANCREST PARK ISLAND,14,13/11/2020,7.4,588,803,12585,9215,3667,94
22,FLAT D 17/F BLOCK 21 PHASE 3 PARK ISLAND,15,12/11/2020,8.68,709,915,12243,9486,5973,158
23,FLAT G 6/F BLOCK 19 PHASE 3 PARK ISLAND,15,12/11/2020,5.98,532,678,11241,8820,886,0
24,FLAT E 28/F BLOCK 23 PHASE 3 PARK ISLAND,15,10/11/2020,6.33,490,653,12918,9694,1174,6
25,FLAT A 11/F BLOCK 17 PHASE 1 PARK ISLAND,18,10/11/2020,4.93,366,495,13470,9960,3488,99
26,FLAT C 21/F BLOCK 3 PHASE 2 PARK ISLAND,18,10/11/2020,8.75,713,916,12272,9552,4544,121
27,FLAT G 9/F TOWER 28 PHASE 5 OCEANCREST PARK ISLAND,14,6/11/2020,6.35,526,706,12072,8994,1462,22
28,FLAT B 22/F TOWER 27 PHASE 5 OCEANCREST PARK ISLAND,14,5/11/2020,6.42,499,676,12866,9497,5185,196
29,FLAT C 27/F BLOCK 1 PHASE 3 PARK ISLAND,15,5/11/2020,9.95,843,1085,11803,9171,2907,24
30,FLAT G 22/F BLOCK 20 PHASE 3 PARK ISLAND,15,5/11/2020,6.25,532,678,11748,9218,5958,165
31,FLAT E 23/F TOWER 31 PHASE 5 OCEANCREST PARK ISLAND,14,4/11/2020,8.68,678,890,12802,9753,5169,149
32,FLAT G 3/F BLOCK 1 PHASE 3 PARK ISLAND,15,3/11/2020,5.8,532,678,10902,8555,3724,113
33,FLAT A 31/F BLOCK 21 PHASE 3 PARK ISLAND,15,2/11/2020,6.78,549,711,12350,9536,5756,130
34,FLAT C 16/F TOWER 29 PHASE 5 OCEANCREST PARK ISLAND,14,30/10/2020,6.78,575,735,11791,9224,4519,115
35,FLAT C 15/F BLOCK 20 PHASE 3 PARK ISLAND,15,29/10/2020,6.5,566,718,11484,9053,3066,65
36,FLAT E 12/F BLOCK 18 PHASE 1 PARK ISLAND,18,29/10/2020,5.7,497,648,11469,8796,6615,330
37,FLAT E 16/F BLOCK 20 PHASE 3 PARK ISLAND,15,29/10/2020,5.98,490,653,12204,9158,5963,185
38,FLAT E 19/F BLOCK 8 PHASE 1 PARK ISLAND,18,28/10/2020,6,537,706,11173,8499,2646,39
39,FLAT D 19/F BLOCK 12 PHASE 1 PARK ISLAND,18,28/10/2020,9.7,807,1042,12020,9309,6621,223
40,FLAT G 26/F BLOCK 1 PHASE 3 PARK ISLAND,15,27/10/2020,6.58,532,678,12368,9705,5961,154
41,FLAT D 11/F BLOCK 25 PHASE 3 PARK ISLAND,15,27/10/2020,6.65,591,775,11252,8581,2807,33
42,FLAT A 18/F TOWER 29 PHASE 5 OCEANCREST PARK ISLAND,14,23/10/2020,5.88,476,622,12353,9453,5172,175
43,FLAT E 17/F TOWER 30 PHASE 5 OCEANCREST PARK ISLAND,14,22/10/2020,9.5,762,997,12467,9529,3237,47
44,FLAT H 25/F BLOCK 2 PHASE 2 PARK ISLAND,18,21/10/2020,7.52,628,829,11975,9071,5668,183
45,FLAT A 5/F BLOCK 6 PHASE 2 PARK ISLAND,18,16/10/2020,9.88,831,1075,11889,9191,4713,160
46,FLAT F 28/F BLOCK 21 PHASE 3 PARK ISLAND,15,16/10/2020,6.86,532,678,12895,10118,3427,72
47,FLAT L 11/F BLOCK 17 PHASE 1 PARK ISLAND,18,16/10/2020,5.04,360,488,13994,10324,1302,20
48,FLAT A 16/F TOWER 29 PHASE 5 OCEANCREST PARK ISLAND,14,15/10/2020,5.98,476,622,12563,9614,1532,32
49,FLAT D 9/F BLOCK 10 PHASE 1 PARK ISLAND,18,14/10/2020,10.15,807,1042,12582,9745,6615,237
50,FLAT B 13/F BLOCK 23 PHASE 3 PARK ISLAND,15,12/10/2020,8.5,707,912,12023,9320,2912,42
51,FLAT B 27/F BLOCK 17 PHASE 1 PARK ISLAND,18,9/10/2020,5.25,360,488,14583,10758,6628,262
52,FLAT J 12/F BLOCK 17 PHASE 1 PARK ISLAND,18,9/10/2020,5.5,378,498,14550,11044,6610,245
53,FLAT C 31/F TOWER 27 PHASE 5 OCEANCREST PARK ISLAND,14,9/10/2020,7,589,737,11885,9498,3697,94
54,FLAT H 12/F BLOCK 16 PHASE 1 PARK ISLAND,18,9/10/2020,6,523,678,11472,8850,3770,145
55,FLAT E 30/F BLOCK 23 PHASE 3 PARK ISLAND,15,7/10/2020,6.5,490,653,13265,9954,5733,140
56,FLAT C 16/F TOWER 28 PHASE 5 OCEANCREST PARK ISLAND,14,7/10/2020,6.68,578,738,11557,9051,4683,145
57,FLAT C 27/F TOWER 31 PHASE 5 OCEANCREST PARK ISLAND,14,6/10/2020,6.88,575,735,11965,9361,4102,123
58,FLAT C 23/F BLOCK 3 PHASE 2 PARK ISLAND,18,6/10/2020,9,710,914,12676,9847,2359,46
59,FLAT F 1/F BLOCK 18 PHASE 1 PARK ISLAND,18,6/10/2020,5.37,520,679,10327,7909,2964,68
60,FLAT F 15/F BLOCK 6 PHASE 2 PARK ISLAND,18,6/10/2020,6.7,531,694,12618,9654,4171,205
61,FLAT B 12/F BLOCK 8 PHASE 1 PARK ISLAND,18,6/10/2020,7.42,583,742,12727,10000,6599,235
62,FLAT G 15/F TOWER 30 PHASE 5 OCEANCREST PARK ISLAND,14,5/10/2020,6.48,499,676,12986,9586,1239,8
63,FLAT A 5/F BLOCK 17 PHASE 1 PARK ISLAND,18,5/10/2020,4.78,366,495,13060,9657,6593,327
64,FLAT E 31/F TOWER 26 PHASE 5 OCEANCREST PARK ISLAND,14,5/10/2020,7.56,598,750,12642,10080,2314,40
65,FLAT A 9/F BLOCK 3 PHASE 2 PARK ISLAND,18,30/9/2020,9.6,774,993,12403,9668,4739,174
66,FLAT G 2/F BLOCK 3 PHASE 2 PARK ISLAND,18,25/9/2020,6.08,529,691,11493,8799,2632,50
67,FLAT F 9/F TOWER 27 PHASE 5 OCEANCREST PARK ISLAND,14,24/9/2020,6.5,574,736,11324,8832,5151,176
68,FLAT H 6/F BLOCK 9 PHASE 1 PARK ISLAND,18,24/9/2020,6.18,537,706,11508,8754,4177,195
69,FLAT A 6/F BLOCK 15 PHASE 1 PARK ISLAND,18,24/9/2020,6.2,523,678,11855,9145,1556,48
70,FLAT A 17/F TOWER 26 PHASE 5 OCEANCREST PARK ISLAND,14,24/9/2020,6.08,476,622,12773,9775,4466,143
71,FLAT G 6/F TOWER 27 PHASE 5 OCEANCREST PARK ISLAND,14,23/9/2020,6.08,499,676,12184,8994,1358,25
72,FLAT I 15/F BLOCK 17 PHASE 1 PARK ISLAND,18,23/9/2020,5.3,360,488,14722,10861,4137,198
73,FLAT D 18/F BLOCK 5 PHASE 2 PARK ISLAND,18,23/9/2020,8.08,594,759,13603,10646,2964,107
74,FLAT F 6/F BLOCK 12 PHASE 1 PARK ISLAND,18,23/9/2020,5.75,531,694,10829,8285,3469,83
75,FLAT H 11/F TOWER 27 PHASE 5 OCEANCREST PARK ISLAND,14,22/9/2020,6.05,507,665,11933,9098,2381,48
76,FLAT G 9/F BLOCK 7 PHASE 2 PARK ISLAND,18,18/9/2020,6.08,531,694,11450,8761,3881,129
77,FLAT H 26/F BLOCK 23 PHASE 3 PARK ISLAND,15,17/9/2020,6.26,490,653,12776,9587,4795,175
78,FLAT E 17/F BLOCK 11 PHASE 1 PARK ISLAND,18,17/9/2020,6.28,537,706,11695,8895,4266,202
79,FLAT E 1/F BLOCK 16 PHASE 1 PARK ISLAND,18,16/9/2020,8.2,774,993,10594,8258,3867,144
80,FLAT K 11/F BLOCK 17 PHASE 1 PARK ISLAND,18,15/9/2020,4.99,378,498,13201,10020,4090,172
81,FLAT D 22/F BLOCK 22 PHASE 3 PARK ISLAND,15,15/9/2020,6.5,549,707,11840,9194,1924,16
82,FLAT C 3/F BLOCK 16 PHASE 1 PARK ISLAND,18,15/9/2020,6,520,681,11538,8811,3671,117
83,FLAT G 1/F BLOCK 6 PHASE 2 PARK ISLAND,18,15/9/2020,5.6,531,694,10546,8069,4808,226
84,FLAT B 18/F BLOCK 22 PHASE 3 PARK ISLAND,15,15/9/2020,9,762,985,11811,9137,1547,29
85,FLAT H 21/F BLOCK 10 PHASE 1 PARK ISLAND (with roof),18,15/9/2020,7.8,537,706,14525,11048,6566,306
86,FLAT F 10/F TOWER 27 PHASE 5 OCEANCREST PARK ISLAND,14,11/9/2020,6.83,574,736,11897,9278,4121,151
87,FLAT G 13/F BLOCK 2 PHASE 2 PARK ISLAND,18,9/9/2020,6.34,531,694,11940,9135,2339,49
88,FLAT J 26/F BLOCK 17 PHASE 1 PARK ISLAND,18,8/9/2020,5.25,378,498,13889,10542,2884,42
89,FLAT H 7/F TOWER 30 PHASE 5 OCEANCREST PARK ISLAND,14,7/9/2020,6.04,507,665,11909,9080,3087,88
90,FLAT C 1/F BLOCK 18 PHASE 1 PARK ISLAND,18,1/9/2020,5.3,512,669,10352,7922,4557,179
91,FLAT D 2/F BLOCK 17 PHASE 1 PARK ISLAND,18,31/8/2020,4.6,378,498,12169,9237,3570,119
92,FLAT G 16/F BLOCK 25 PHASE 3 PARK ISLAND,15,28/8/2020,5.98,532,678,11241,8820,2352,44
93,FLAT D 13/F BLOCK 6 PHASE 2 PARK ISLAND,18,27/8/2020,10.5,831,1075,12635,9767,4044,111
94,FLAT D 17/F BLOCK 2 PHASE 2 PARK ISLAND,18,27/8/2020,7.07,630,816,11219,8662,5709,121
95,FLAT D 13/F BLOCK 8 PHASE 1 PARK ISLAND,18,27/8/2020,9.15,794,1027,11524,8909,6564,197
96,FLAT I 21/F BLOCK 17 PHASE 1 PARK ISLAND,18,26/8/2020,5.3,360,488,14722,10861,1605,28
97,FLAT D 15/F BLOCK 12 PHASE 1 PARK ISLAND,18,26/8/2020,10,807,1042,12389,9595,3998,106
98,FLAT B 5/F BLOCK 3 PHASE 2 PARK ISLAND,18,26/8/2020,9.2,781,1001,11780,9191,4117,142
99,FLAT C 17/F TOWER 31 PHASE 5 OCEANCREST PARK ISLAND,14,25/8/2020,7.15,575,735,12435,9728,5102,164
100,FLAT K 20/F BLOCK 17 PHASE 1 PARK ISLAND,18,24/8/2020,5.1,378,498,13492,10241,5879,200
101,FLAT D 21/F BLOCK 17 PHASE 1 PARK ISLAND,18,24/8/2020,5.47,378,498,14466,10980,2662,47
102,FLAT E 1/F BLOCK 9 PHASE 1 PARK ISLAND,18,24/8/2020,5.78,537,706,10764,8187,1654,16
103,FLAT C 12/F BLOCK 10 PHASE 1 PARK ISLAND,18,21/8/2020,8.48,615,813,13789,10431,6564,261
104,FLAT A 12/F BLOCK 17 PHASE 1 PARK ISLAND,18,21/8/2020,4.8,366,495,13115,9697,6541,276
105,FLAT E 11/F BLOCK 18 PHASE 1 PARK ISLAND,18,20/8/2020,5.63,497,648,11328,8688,6553,327
106,FLAT L 9/F BLOCK 17 PHASE 1 PARK ISLAND,18,17/8/2020,3.8,360,488,10556,7787,5516,135
107,FLAT E 33/F BLOCK 19 PHASE 3 PARK ISLAND (with roof),15,17/8/2020,13.48,980,1238,13755,10889,-,
108,FLAT E 6/F BLOCK 15 PHASE 1 PARK ISLAND,18,14/8/2020,6.05,529,688,11437,8794,3157,95
109,FLAT G 23/F BLOCK 21 PHASE 3 PARK ISLAND,15,12/8/2020,6.36,532,678,11955,9381,2737,47
110,FLAT F 9/F BLOCK 9 PHASE 1 PARK ISLAND,18,12/8/2020,5.68,531,694,10697,8184,6528,238
111,FLAT H 26/F TOWER 31 PHASE 5 OCEANCREST PARK ISLAND,14,11/8/2020,6.17,476,622,12958,9916,3397,84
112,FLAT H 22/F BLOCK 15 PHASE 1 PARK ISLAND,18,7/8/2020,6.5,533,675,12195,9630,3866,130
113,FLAT G 22/F BLOCK 15 PHASE 1 PARK ISLAND,18,6/8/2020,6.5,530,678,12264,9587,3866,124
114,FLAT A 6/F BLOCK 12 PHASE 1 PARK ISLAND,18,5/8/2020,9.7,807,1042,12020,9309,1271,39
115,FLAT B 9/F BLOCK 23 PHASE 3 PARK ISLAND,15,4/8/2020,7.98,707,912,11287,8750,3493,86
116,FLAT E 20/F BLOCK 22 PHASE 3 PARK ISLAND,15,29/7/2020,6.2,490,653,12653,9495,3495,118
117,FLAT E 25/F BLOCK 3 PHASE 2 PARK ISLAND,18,28/7/2020,6.5,549,720,11840,9028,4494,154
118,FLAT C 6/F BLOCK 17 PHASE 1 PARK ISLAND,18,27/7/2020,4.9,378,498,12963,9839,1677,13
119,FLAT H 28/F BLOCK 23 PHASE 3 PARK ISLAND,15,27/7/2020,6.43,490,653,13122,9847,2663,36
120,FLAT H 6/F TOWER 27 PHASE 5 OCEANCREST PARK ISLAND,14,27/7/2020,6.05,507,665,11933,9098,1417,39
121,FLAT C 9/F BLOCK 8 PHASE 1 PARK ISLAND,18,27/7/2020,7.2,583,742,12350,9704,6539,228
122,FLAT E 26/F TOWER 27 PHASE 5 OCEANCREST PARK ISLAND,14,24/7/2020,6,574,747,10453,8032,2129,12
123,FLAT G 31/F BLOCK 21 PHASE 3 PARK ISLAND,15,24/7/2020,7.42,532,678,13947,10944,5869,174
124,FLAT E 15/F TOWER 30 PHASE 5 OCEANCREST PARK ISLAND,14,24/7/2020,9.5,762,997,12467,9529,5059,144
125,FLAT F 13/F BLOCK 3 PHASE 2 PARK ISLAND,18,23/7/2020,6.43,531,694,12109,9265,3533,107
126,FLAT E 15/F BLOCK 12 PHASE 1 PARK ISLAND,18,23/7/2020,6.4,537,706,11918,9065,1300,21
127,FLAT G 19/F BLOCK 2 PHASE 2 PARK ISLAND,18,22/7/2020,6.43,531,694,12109,9265,6545,253
128,FLAT F 16/F BLOCK 11 PHASE 1 PARK ISLAND,18,22/7/2020,6.3,531,694,11864,9078,1098,7
129,FLAT D 1/F BLOCK 2 PHASE 2 PARK ISLAND,18,21/7/2020,7.5,630,816,11905,9191,1382,25
130,FLAT H 26/F TOWER 27 PHASE 5 OCEANCREST PARK ISLAND,14,21/7/2020,6.18,507,665,12189,9293,1509,33
131,FLAT G 30/F BLOCK 25 PHASE 3 PARK ISLAND,15,21/7/2020,6.7,532,678,12594,9882,3406,81
132,FLAT C 8/F BLOCK 8 PHASE 1 PARK ISLAND,18,21/7/2020,7.29,583,742,12501,9822,3755,103
133,FLAT F 32/F TOWER 29 PHASE 5 OCEANCREST PARK ISLAND,14,20/7/2020,7.56,589,737,12835,10258,3381,72
134,FLAT E 31/F BLOCK 23 PHASE 3 PARK ISLAND,15,17/7/2020,6.68,490,653,13633,10230,5650,145
135,FLAT F 20/F BLOCK 3 PHASE 2 PARK ISLAND,18,15/7/2020,6.79,531,694,12787,9784,5579,180
136,FLAT G 7/F TOWER 30 PHASE 5 OCEANCREST PARK ISLAND,14,14/7/2020,6.38,499,676,12786,9438,5068,155
137,FLAT C 17/F BLOCK 18 PHASE 1 PARK ISLAND,18,10/7/2020,6.3,512,669,12305,9417,1207,13
138,FLAT E 21/F BLOCK 15 PHASE 1 PARK ISLAND,18,10/7/2020,6.19,538,684,11502,9047,1118,9
139,FLAT D 27/F TOWER 26 PHASE 5 OCEANCREST PARK ISLAND,14,9/7/2020,7,574,747,12195,9371,5040,118
140,FLAT D 11/F BLOCK 5 PHASE 2 PARK ISLAND,18,8/7/2020,7.4,594,759,12458,9750,6515,210
141,FLAT F 11/F TOWER 30 PHASE 5 OCEANCREST PARK ISLAND,14,8/7/2020,6.52,574,736,11359,8859,5056,130
142,FLAT D 10/F BLOCK 23 PHASE 3 PARK ISLAND,15,8/7/2020,6,617,800,9724,7500,3957,94
143,FLAT H 10/F BLOCK 3 PHASE 2 PARK ISLAND,18,7/7/2020,6.38,524,688,12176,9273,3090,89
144,FLAT G 9/F BLOCK 18 PHASE 1 PARK ISLAND,18,6/7/2020,6.04,520,679,11615,8895,3870,154
145,FLAT E 1/F BLOCK 8 PHASE 1 PARK ISLAND,18,6/7/2020,5.98,537,706,11136,8470,3521,121
146,FLAT D 8/F AQUA OCEAN (BLOCK 35) PHASE 6 ANA CAPRI PARK ISLAND (with roof flat roof),11,6/7/2020,24.8,1550,1939,16000,12790,3024,45
147,FLAT F 19/F BLOCK 18 PHASE 1 PARK ISLAND,18,3/7/2020,5.71,520,679,10981,8409,2694,50
148,FLAT H 10/F BLOCK 21 PHASE 3 PARK ISLAND,15,2/7/2020,6.18,490,653,12612,9464,4510,169
149,FLAT H 28/F TOWER 27 PHASE 5 OCEANCREST PARK ISLAND,14,2/7/2020,6.26,531,667,11789,9385,5064,178
150,FLAT H 15/F BLOCK 8 PHASE 1 PARK ISLAND,18,2/7/2020,6.4,537,706,11918,9065,3369,92
151,FLAT M 15/F BLOCK 17 PHASE 1 PARK ISLAND,18,2/7/2020,5.05,366,496,13798,10181,3493,114
152,FLAT A 27/F TOWER 31 PHASE 5 OCEANCREST PARK ISLAND,14,30/6/2020,6.21,476,622,13042,9981,5048,173
153,FLAT F 19/F BLOCK 5 PHASE 2 PARK ISLAND,18,30/6/2020,10.6,834,1074,12710,9870,6504,199
154,FLAT A 15/F BLOCK 7 PHASE 2 PARK ISLAND,18,30/6/2020,11,834,1078,13189,10204,6515,223
155,FLAT D 10/F TOWER 27 PHASE 5 OCEANCREST PARK ISLAND,14,29/6/2020,6.3,574,747,10976,8434,5063,163
156,FLAT F 30/F BLOCK 23 PHASE 3 PARK ISLAND,15,26/6/2020,7.08,532,678,13308,10442,4595,144
157,FLAT B 12/F TOWER 26 PHASE 5 OCEANCREST PARK ISLAND,14,23/6/2020,6.36,526,706,12091,9008,4648,182
158,FLAT G 7/F BLOCK 8 PHASE 1 PARK ISLAND,18,22/6/2020,6.28,531,694,11827,9049,4783,222
159,FLAT F 15/F TOWER 29 PHASE 5 OCEANCREST PARK ISLAND,14,19/6/2020,7.18,575,735,12487,9769,2222,60
160,FLAT C 5/F BLOCK 19 PHASE 3 PARK ISLAND,15,17/6/2020,8.8,848,1092,10377,8059,2857,54
161,FLAT H 7/F BLOCK 20 PHASE 3 PARK ISLAND,15,16/6/2020,6.22,490,653,12694,9525,1942,31
162,FLAT D 31/F TOWER 30 PHASE 5 OCEANCREST PARK ISLAND,14,15/6/2020,8.58,685,858,12526,10000,3017,48
163,FLAT C 10/F BLOCK 11 PHASE 1 PARK ISLAND,18,12/6/2020,8.62,668,878,12904,9818,5225,146
164,FLAT B 21/F TOWER 30 PHASE 5 OCEANCREST PARK ISLAND,14,12/6/2020,6.68,499,676,13387,9882,2527,39
165,FLAT E 12/F BLOCK 17 PHASE 1 PARK ISLAND,18,12/6/2020,5.35,360,488,14861,10963,1386,29
166,FLAT E 20/F BLOCK 1 PHASE 3 PARK ISLAND,15,11/6/2020,6.18,505,672,12238,9196,4678,209
167,FLAT H 11/F BLOCK 2 PHASE 2 PARK ISLAND,18,11/6/2020,7.65,628,829,12182,9228,5425,175
168,FLAT C 13/F BLOCK 19 PHASE 3 PARK ISLAND,15,9/6/2020,9.8,848,1092,11557,8974,4675,101
169,FLAT A 23/F BLOCK 23 PHASE 3 PARK ISLAND,15,9/6/2020,8,607,797,13180,10038,4628,191
170,FLAT F 10/F BLOCK 13 PHASE 1 PARK ISLAND,18,9/6/2020,5.5,531,694,10358,7925,2995,63
171,FLAT H 21/F TOWER 29 PHASE 5 OCEANCREST PARK ISLAND,14,8/6/2020,6.03,476,622,12668,9695,2828,63
172,FLAT E 11/F TOWER 31 PHASE 5 OCEANCREST PARK ISLAND,14,5/6/2020,8.5,678,890,12537,9551,2146,39
173,FLAT E 26/F BLOCK 20 PHASE 3 PARK ISLAND,15,5/6/2020,6.45,490,653,13163,9877,5386,163
174,FLAT C 18/F TOWER 28 PHASE 5 OCEANCREST PARK ISLAND,14,4/6/2020,6,578,738,10381,8130,3598,84
175,FLAT B 23/F BLOCK 23 PHASE 3 PARK ISLAND,15,2/6/2020,8.16,707,912,11542,8947,5615,136
176,FLAT B 11/F BLOCK 19 PHASE 3 PARK ISLAND,15,1/6/2020,6.85,552,710,12409,9648,1555,40
177,FLAT E 13/F BLOCK 8 PHASE 1 PARK ISLAND,18,28/5/2020,6.17,537,706,11486,8737,1336,25
178,FLAT G 18/F TOWER 30 PHASE 5 OCEANCREST PARK ISLAND,14,28/5/2020,6.5,499,676,13026,9615,4998,170
179,FLAT H 28/F BLOCK 21 PHASE 3 PARK ISLAND,15,27/5/2020,6.48,490,653,13224,9923,2311,54
180,FLAT C 10/F BLOCK 7 PHASE 2 PARK ISLAND,18,27/5/2020,6,583,742,10292,8086,1774,-4
181,FLAT E 10/F BLOCK 25 PHASE 3 PARK ISLAND,15,26/5/2020,5.9,490,653,12041,9035,4665,206
182,FLAT H 9/F BLOCK 25 PHASE 3 PARK ISLAND,15,25/5/2020,6,490,653,12245,9188,3408,107
183,FLAT E 11/F BLOCK 3 PHASE 2 PARK ISLAND,18,25/5/2020,5.5,549,720,10018,7639,6482,210
184,FLAT H 13/F TOWER 30 PHASE 5 OCEANCREST PARK ISLAND,14,22/5/2020,6.18,507,665,12189,9293,1988,27
185,FLAT E 16/F TOWER 30 PHASE 5 OCEANCREST PARK ISLAND,14,22/5/2020,9.6,762,997,12598,9629,2806,41
186,FLAT D 9/F BLOCK 11 PHASE 1 PARK ISLAND,18,22/5/2020,9.7,807,1042,12020,9309,6453,223
187,FLAT F 8/F BLOCK 20 PHASE 3 PARK ISLAND,15,21/5/2020,5.9,532,678,11090,8702,1359,25
188,FLAT H 12/F BLOCK 17 PHASE 1 PARK ISLAND,18,20/5/2020,5.3,361,488,14681,10861,2075,37
189,FLAT A 23/F TOWER 26 PHASE 5 OCEANCREST PARK ISLAND,14,20/5/2020,6.18,476,622,12983,9936,1271,22
190,FLAT A 10/F BLOCK 18 PHASE 1 PARK ISLAND,18,20/5/2020,6.2,614,797,10098,7779,4753,166
191,FLAT D 33/F TOWER 30 PHASE 5 OCEANCREST PARK ISLAND (with roof flat roof),14,20/5/2020,20,1489,-,13432,-,4550,49
192,FLAT A 29/F TOWER 31 PHASE 5 OCEANCREST PARK ISLAND,14,19/5/2020,6.05,499,626,12124,9665,5012,165
193,FLAT G 30/F BLOCK 19 PHASE 3 PARK ISLAND,15,14/5/2020,6.75,532,678,12688,9956,4527,151
194,FLAT F 13/F BLOCK 10 PHASE 1 PARK ISLAND,18,14/5/2020,6,531,694,11299,8646,5560,182
195,FLAT A 22/F TOWER 30 PHASE 5 OCEANCREST PARK ISLAND,14,13/5/2020,6.13,507,665,12091,9218,1961,28
196,FLAT G 20/F TOWER 31 PHASE 5 OCEANCREST PARK ISLAND,14,13/5/2020,6.7,526,706,12738,9490,4508,142
197,FLAT F 6/F BLOCK 2 PHASE 2 PARK ISLAND,18,13/5/2020,5.73,531,694,10791,8256,455,-3
198,FLAT A 7/F BLOCK 17 PHASE 1 PARK ISLAND,18,12/5/2020,4.65,366,495,12705,9394,2333,42
199,FLAT H 9/F BLOCK 8 PHASE 1 PARK ISLAND,18,12/5/2020,6.2,537,706,11546,8782,4483,182
200,FLAT A 7/F BLOCK 11 PHASE 1 PARK ISLAND,18,11/5/2020,9.98,807,1042,12367,9578,1302,20
201,FLAT D 20/F TOWER 29 PHASE 5 OCEANCREST PARK ISLAND,14,11/5/2020,9,762,997,11811,9027,3544,75
202,FLAT B 11/F BLOCK 1 PHASE 3 PARK ISLAND,15,11/5/2020,9.69,759,981,12764,9876,4116,168
203,FLAT C 1/F BLOCK 2 PHASE 2 PARK ISLAND,18,8/5/2020,7.77,713,916,10895,8480,2798,45
204,FLAT A 3/F BLOCK 16 PHASE 1 PARK ISLAND,18,8/5/2020,6.16,523,678,11778,9086,3610,115
205,FLAT B 12/F BLOCK 22 PHASE 3 PARK ISLAND,15,6/5/2020,8.3,762,985,10892,8426,5552,113
206,FLAT E 21/F BLOCK 20 PHASE 3 PARK ISLAND,15,5/5/2020,5.9,490,653,12041,9035,2139,44
207,FLAT E 22/F BLOCK 19 PHASE 3 PARK ISLAND,15,4/5/2020,5.68,490,653,11592,8698,1778,12
208,FLAT G 16/F BLOCK 6 PHASE 2 PARK ISLAND,18,29/4/2020,6.43,531,694,12105,9262,3339,98
209,FLAT D 2/F BLOCK 18 PHASE 1 PARK ISLAND,18,29/4/2020,7,611,792,11457,8838,3628,141
210,FLAT A 7/F TOWER 26 PHASE 5 OCEANCREST PARK ISLAND,14,28/4/2020,6,476,622,12605,9646,4965,178
211,FLAT D 11/F TOWER 27 PHASE 5 OCEANCREST PARK ISLAND,14,27/4/2020,6.38,574,747,11115,8541,2814,50
212,FLAT B 18/F TOWER 27 PHASE 5 OCEANCREST PARK ISLAND,14,24/4/2020,6.05,499,676,12124,8950,4603,170
213,FLAT H 2/F BLOCK 16 PHASE 1 PARK ISLAND,18,24/4/2020,5.45,523,678,10421,8038,6429,286
214,FLAT H 20/F BLOCK 2 PHASE 2 PARK ISLAND,18,21/4/2020,7.43,628,829,11831,8963,2140,45
215,FLAT F 25/F TOWER 31 PHASE 5 OCEANCREST PARK ISLAND,14,21/4/2020,6.98,575,735,12139,9497,2304,53
216,FLAT B 6/F BLOCK 25 PHASE 3 PARK ISLAND,15,20/4/2020,8.25,837,1077,9857,7660,4676,184
217,FLAT B 6/F BLOCK 7 PHASE 2 PARK ISLAND,18,20/4/2020,6.95,583,742,11921,9367,3143,56
218,FLAT C 26/F BLOCK 22 PHASE 3 PARK ISLAND,15,17/4/2020,8.8,758,981,11609,8970,1319,21
219,FLAT G 17/F TOWER 31 PHASE 5 OCEANCREST PARK ISLAND,14,16/4/2020,6.4,526,706,12167,9065,4430,134
220,FLAT F 2/F BLOCK 6 PHASE 2 PARK ISLAND,18,16/4/2020,5.68,531,694,10697,8184,1180,11
221,FLAT G 11/F BLOCK 1 PHASE 3 PARK ISLAND,15,14/4/2020,6.39,532,678,12008,9422,4393,151
222,FLAT B 25/F TOWER 31 PHASE 5 OCEANCREST PARK ISLAND,14,9/4/2020,7.15,591,803,12098,8904,3941,119
223,FLAT C 13/F TOWER 27 PHASE 5 OCEANCREST PARK ISLAND,14,8/4/2020,6.22,574,736,10836,8451,4987,168
224,FLAT B 20/F BLOCK 16 PHASE 1 PARK ISLAND,18,7/4/2020,7.08,530,681,13358,10396,3505,79
225,FLAT C 27/F TOWER 28 PHASE 5 OCEANCREST PARK ISLAND,14,6/4/2020,6.9,578,738,11938,9350,3073,52
226,FLAT C 22/F BLOCK 16 PHASE 1 PARK ISLAND,18,2/4/2020,6.52,530,678,12302,9617,6435,228
227,FLAT H 11/F BLOCK 17 PHASE 1 PARK ISLAND,18,2/4/2020,5.2,361,488,14404,10656,2940,89
228,FLAT H 7/F BLOCK 16 PHASE 1 PARK ISLAND,18,1/4/2020,5.9,523,678,11281,8702,2438,49
229,FLAT G 19/F BLOCK 5 PHASE 2 PARK ISLAND,18,31/3/2020,6,518,680,11583,8824,4513,194
230,FLAT D 26/F TOWER 31 PHASE 5 OCEANCREST PARK ISLAND,14,31/3/2020,9.18,762,997,12047,9208,1331,26
231,FLAT G 2/F BLOCK 11 PHASE 1 PARK ISLAND,18,30/3/2020,5.88,531,694,11073,8473,6416,272
232,FLAT F 6/F TOWER 31 PHASE 5 OCEANCREST PARK ISLAND,14,27/3/2020,6.2,575,735,10783,8435,1144,18
233,FLAT G 18/F BLOCK 1 PHASE 3 PARK ISLAND,15,27/3/2020,6.6,532,678,12406,9735,3950,164
234,FLAT E 19/F BLOCK 17 PHASE 1 PARK ISLAND,18,27/3/2020,5.28,360,488,14667,10820,2241,45
235,FLAT A 9/F BLOCK 12 PHASE 1 PARK ISLAND,18,27/3/2020,9.75,807,1042,12082,9357,2020,31
236,FLAT F 18/F BLOCK 7 PHASE 2 PARK ISLAND,18,25/3/2020,6.48,531,694,12203,9337,3538,142
237,FLAT E 7/F BLOCK 13 PHASE 1 PARK ISLAND,18,24/3/2020,5.38,537,706,10019,7620,6412,272
238,FLAT A 13/F BLOCK 17 PHASE 1 PARK ISLAND,18,23/3/2020,4.8,366,495,13115,9697,1192,12
239,FLAT G 25/F BLOCK 17 PHASE 1 PARK ISLAND,18,17/3/2020,4.85,339,449,14307,10802,3727,159
240,FLAT C 16/F TOWER 30 PHASE 5 OCEANCREST PARK ISLAND,14,17/3/2020,6.38,574,736,11115,8668,2871,46
241,FLAT F 18/F BLOCK 19 PHASE 3 PARK ISLAND,15,16/3/2020,6.28,532,678,11805,9263,3420,111
242,FLAT G 27/F BLOCK 19 PHASE 3 PARK ISLAND,15,11/3/2020,6.5,532,678,12218,9587,5743,166
243,FLAT F 31/F TOWER 26 PHASE 5 OCEANCREST PARK ISLAND,14,9/3/2020,7.4,589,737,12564,10041,3195,73
244,FLAT D 12/F BLOCK 15 PHASE 1 PARK ISLAND,18,4/3/2020,9.58,774,993,12377,9648,3394,69
245,FLAT E 20/F TOWER 27 PHASE 5 OCEANCREST PARK ISLAND,14,4/3/2020,6.46,574,747,11254,8648,4932,154
246,FLAT H 17/F BLOCK 9 PHASE 1 PARK ISLAND,18,26/2/2020,6,537,706,11173,8499,3943,163
247,FLAT F 31/F BLOCK 25 PHASE 3 PARK ISLAND,15,13/2/2020,6.91,532,678,12989,10192,1302,29
248,FLAT E 11/F BLOCK 9 PHASE 1 PARK ISLAND,18,12/2/2020,6,537,706,11173,8499,5578,188
249,FLAT F 20/F BLOCK 20 PHASE 3 PARK ISLAND,15,10/2/2020,6.3,532,678,11842,9292,2692,63
250,FLAT H 10/F BLOCK 2 PHASE 2 PARK ISLAND,18,7/2/2020,7.7,628,829,12261,9288,3167,73
251,FLAT C 17/F BLOCK 8 PHASE 1 PARK ISLAND,18,5/2/2020,7.75,592,742,13091,10445,1855,29
252,FLAT A 19/F BLOCK 16 PHASE 1 PARK ISLAND,18,5/2/2020,6.9,533,678,12946,10177,1651,53
253,FLAT B 17/F TOWER 30 PHASE 5 OCEANCREST PARK ISLAND,14,3/2/2020,6.39,499,676,12802,9450,4892,178
254,FLAT H 8/F BLOCK 16 PHASE 1 PARK ISLAND,18,3/2/2020,5.6,523,678,10707,8260,2823,82
255,FLAT A 23/F BLOCK 3 PHASE 2 PARK ISLAND,18,16/1/2020,9.7,774,993,12532,9768,2643,32
256,FLAT F 10/F TOWER 28 PHASE 5 OCEANCREST PARK ISLAND,14,14/1/2020,6.66,575,735,11583,9061,4885,198
257,FLAT D 21/F BLOCK 13 PHASE 1 PARK ISLAND,18,10/1/2020,16,1104,-,14493,-,6355,158
258,FLAT H 16/F BLOCK 11 PHASE 1 PARK ISLAND,18,2/1/2020,6.2,537,706,11546,8782,2526,48
259,FLAT E 27/F BLOCK 20 PHASE 3 PARK ISLAND,15,2/1/2020,6.33,490,653,12918,9694,3367,107
260,FLAT E 23/F BLOCK 25 PHASE 3 PARK ISLAND,15,24/12/2019,6,490,653,12245,9188,5647,178
261,FLAT E 11/F BLOCK 7 PHASE 2 PARK ISLAND,18,23/12/2019,6.3,537,706,11732,8924,3980,207
262,FLAT E 18/F BLOCK 2 PHASE 2 PARK ISLAND,18,20/12/2019,7.55,639,844,11815,8945,3627,117
263,FLAT C 25/F BLOCK 3 PHASE 2 PARK ISLAND,18,19/12/2019,8.85,710,914,12465,9683,3213,78
264,FLAT H 29/F BLOCK 22 PHASE 3 PARK ISLAND,15,19/12/2019,7,490,653,14286,10720,5254,156
265,FLAT G 13/F BLOCK 21 PHASE 3 PARK ISLAND,15,17/12/2019,6.35,532,678,11936,9366,5653,177
266,FLAT E 10/F BLOCK 16 PHASE 1 PARK ISLAND,18,17/12/2019,8.38,774,993,10827,8439,4379,175
267,FLAT E 12/F BLOCK 3 PHASE 2 PARK ISLAND,18,16/12/2019,6,549,720,10929,8333,6310,226
268,FLAT D 10/F TOWER 26 PHASE 5 OCEANCREST PARK ISLAND,14,12/12/2019,6.42,574,747,11185,8594,4830,159
269,FLAT D 8/F TOWER 28 PHASE 5 OCEANCREST PARK ISLAND,14,11/12/2019,6.8,555,726,12252,9366,1759,24
270,FLAT D 6/F TOWER 29 PHASE 5 OCEANCREST PARK ISLAND,14,11/12/2019,7.9,724,950,10912,8316,4838,103
271,FLAT B 12/F BLOCK 20 PHASE 3 PARK ISLAND,15,10/12/2019,8.5,762,985,11155,8629,3844,133
272,FLAT F 6/F BLOCK 10 PHASE 1 PARK ISLAND,18,10/12/2019,6.42,531,694,12087,9248,1234,45
273,FLAT G 15/F BLOCK 22 PHASE 3 PARK ISLAND,15,9/12/2019,5.6,532,678,10526,8260,3244,87
274,FLAT D 18/F BLOCK 7 PHASE 2 PARK ISLAND,18,6/12/2019,11,1155,-,9524,-,775,-15
275,FLAT C 22/F BLOCK 15 PHASE 1 PARK ISLAND,18,5/12/2019,9.4,790,1013,11899,9279,6308,209
276,FLAT F 15/F TOWER 27 PHASE 5 OCEANCREST PARK ISLAND,14,3/12/2019,6.35,574,736,11063,8628,4857,163
277,FLAT F 29/F TOWER 31 PHASE 5 OCEANCREST PARK ISLAND,14,3/12/2019,7.4,589,737,12564,10041,3276,92
278,FLAT D 22/F BLOCK 15 PHASE 1 PARK ISLAND,18,3/12/2019,9.38,785,1007,11949,9315,6313,215
279,FLAT K 18/F BLOCK 17 PHASE 1 PARK ISLAND,18,2/12/2019,5.35,378,498,14153,10743,1414,34
280,FLAT H 5/F BLOCK 9 PHASE 1 PARK ISLAND,18,29/11/2019,6.06,537,706,11285,8584,4308,211
281,FLAT G 9/F BLOCK 19 PHASE 3 PARK ISLAND,15,22/11/2019,6.42,532,678,12068,9469,1202,40
282,FLAT F 32/F BLOCK 21 PHASE 3 PARK ISLAND,15,20/11/2019,6,532,678,11278,8850,3193,67
283,FLAT C 2/F BLOCK 16 PHASE 1 PARK ISLAND,18,19/11/2019,5.95,523,685,11377,8686,2602,53
284,FLAT E 7/F BLOCK 7 PHASE 2 PARK ISLAND,18,19/11/2019,6.4,537,706,11918,9065,2591,64
285,FLAT C 12/F BLOCK 8 PHASE 1 PARK ISLAND,18,18/11/2019,7.5,583,742,12864,10108,6300,245
286,FLAT B 6/F BLOCK 20 PHASE 3 PARK ISLAND,15,18/11/2019,7.75,762,985,10171,7868,5118,131
287,FLAT C 18/F BLOCK 3 PHASE 2 PARK ISLAND,18,15/11/2019,8.73,713,916,12244,9531,4189,127
288,FLAT C 15/F BLOCK 1 PHASE 3 PARK ISLAND,15,13/11/2019,9.98,843,1085,11839,9198,1217,29
289,FLAT E 13/F BLOCK 1 PHASE 3 PARK ISLAND,15,12/11/2019,6.19,505,672,12253,9208,3234,121
290,FLAT B 18/F TOWER 28 PHASE 5 OCEANCREST PARK ISLAND,14,8/11/2019,8.48,674,916,12582,9258,3780,112
291,FLAT G 13/F TOWER 30 PHASE 5 OCEANCREST PARK ISLAND,14,8/11/2019,6.7,499,676,13427,9911,1954,50
292,FLAT D 13/F BLOCK 7 PHASE 2 PARK ISLAND,18,8/11/2019,10,834,1078,11990,9276,3818,116
293,FLAT F 13/F BLOCK 19 PHASE 3 PARK ISLAND,15,5/11/2019,6.35,532,678,11936,9366,5309,151
294,FLAT D 23/F TOWER 28 PHASE 5 OCEANCREST PARK ISLAND,14,5/11/2019,6.02,555,726,10847,8292,3830,126
295,FLAT G 16/F BLOCK 5 PHASE 2 PARK ISLAND,18,4/11/2019,6.26,518,680,12085,9206,1095,25
296,FLAT G 27/F TOWER 28 PHASE 5 OCEANCREST PARK ISLAND,14,28/10/2019,6,526,706,11407,8499,1184,24
297,FLAT G 6/F BLOCK 15 PHASE 1 PARK ISLAND,18,24/10/2019,6,520,681,11538,8811,6262,276
298,FLAT D 12/F BLOCK 1 PHASE 3 PARK ISLAND,15,22/10/2019,10,837,1077,11947,9285,5237,122
299,FLAT C 29/F BLOCK 19 PHASE 3 PARK ISLAND,15,21/10/2019,10,848,1092,11792,9158,3177,61
300,FLAT C 3/F BLOCK 9 PHASE 1 PARK ISLAND,18,16/10/2019,6.2,583,742,10635,8356,6250,187
301,FLAT F 11/F TOWER 29 PHASE 5 OCEANCREST PARK ISLAND,14,15/10/2019,7.15,575,735,12435,9728,4796,162
302,FLAT D 7/F BLOCK 13 PHASE 1 PARK ISLAND,18,15/10/2019,9.1,794,1027,11461,8861,6237,220
303,FLAT C 9/F BLOCK 13 PHASE 1 PARK ISLAND,18,14/10/2019,7.2,583,742,12350,9704,1904,44
304,FLAT E 28/F BLOCK 21 PHASE 3 PARK ISLAND,15,9/10/2019,6,490,653,12245,9188,3692,122
305,FLAT D 32/F BLOCK 22 PHASE 3 PARK ISLAND,15,27/9/2019,7.28,549,707,13260,10297,4898,126
306,FLAT H 12/F TOWER 26 PHASE 5 OCEANCREST PARK ISLAND,14,27/9/2019,6.5,476,622,13655,10450,1170,44
307,FLAT G 9/F BLOCK 17 PHASE 1 PARK ISLAND,18,26/9/2019,4.88,339,449,14395,10869,1878,44
308,FLAT F 12/F TOWER 26 PHASE 5 OCEANCREST PARK ISLAND,14,24/9/2019,6,575,735,10435,8163,4025,112
309,FLAT E 12/F TOWER 26 PHASE 5 OCEANCREST PARK ISLAND,14,20/9/2019,7.18,574,747,12509,9612,4024,154
310,FLAT A 8/F BLOCK 5 PHASE 2 PARK ISLAND,18,18/9/2019,6.72,522,686,12874,9796,3013,98
311,FLAT F 18/F BLOCK 21 PHASE 3 PARK ISLAND,15,4/9/2019,6,532,678,11278,8850,5538,155
312,FLAT D 20/F BLOCK 13 PHASE 1 PARK ISLAND,18,4/9/2019,9,794,1027,11335,8763,6193,199
313,FLAT C 18/F BLOCK 17 PHASE 1 PARK ISLAND,18,4/9/2019,5.5,378,498,14550,11044,6183,256
314,FLAT F 20/F TOWER 29 PHASE 5 OCEANCREST PARK ISLAND,14,30/8/2019,7.37,575,735,12817,10027,2590,72
315,FLAT G 17/F BLOCK 6 PHASE 2 PARK ISLAND,18,30/8/2019,6.87,531,694,12934,9896,2359,50
316,FLAT C 18/F BLOCK 10 PHASE 1 PARK ISLAND,18,29/8/2019,8.68,623,808,13933,10743,4173,132
317,FLAT A 2/F BLOCK 17 PHASE 1 PARK ISLAND,18,28/8/2019,5.3,379,494,13984,10729,1924,67
318,FLAT D 27/F BLOCK 18 PHASE 1 PARK ISLAND,18,26/8/2019,8.75,611,792,14321,11048,6208,242
319,FLAT B 12/F BLOCK 2 PHASE 2 PARK ISLAND,18,22/8/2019,9.92,781,1000,12702,9920,2048,48
320,FLAT B 15/F BLOCK 16 PHASE 1 PARK ISLAND,18,20/8/2019,7,520,681,13462,10279,1455,30
321,FLAT D 10/F BLOCK 7 PHASE 2 PARK ISLAND,18,20/8/2019,12,834,1078,14388,11132,4207,173
322,FLAT F 19/F BLOCK 20 PHASE 3 PARK ISLAND,15,16/8/2019,6.75,532,678,12688,9956,3283,145
323,FLAT F 17/F BLOCK 1 PHASE 3 PARK ISLAND,15,16/8/2019,6.82,532,678,12820,10059,1346,30
324,FLAT D 18/F BLOCK 11 PHASE 1 PARK ISLAND,18,16/8/2019,10,807,1042,12392,9597,6174,214
325,FLAT G 32/F BLOCK 19 PHASE 3 PARK ISLAND,15,14/8/2019,7.38,532,678,13872,10885,3598,139
326,FLAT E 32/F BLOCK 25 PHASE 3 PARK ISLAND,15,7/8/2019,7.08,490,653,14449,10842,2513,65
327,FLAT C 18/F BLOCK 22 PHASE 3 PARK ISLAND,15,5/8/2019,9.65,758,981,12731,9837,2495,50
328,FLAT F 8/F TOWER 31 PHASE 5 OCEANCREST PARK ISLAND,14,2/8/2019,6.78,575,735,11791,9224,1997,41
329,FLAT E 13/F BLOCK 22 PHASE 3 PARK ISLAND,15,1/8/2019,6.57,490,653,13414,10066,4277,224
330,FLAT D 27/F TOWER 31 PHASE 5 OCEANCREST PARK ISLAND,14,1/8/2019,9.95,762,997,13058,9980,2527,56
331,FLAT D 26/F BLOCK 22 PHASE 3 PARK ISLAND,15,31/7/2019,7.3,549,707,13297,10325,5298,156
332,FLAT I 7/F BLOCK 17 PHASE 1 PARK ISLAND,18,31/7/2019,5.7,360,488,15833,11680,2591,97
333,FLAT D 1/F BLOCK 11 PHASE 1 PARK ISLAND,18,25/7/2019,9,807,1042,11152,8637,1617,31
334,FLAT H 31/F BLOCK 19 PHASE 3 PARK ISLAND,15,24/7/2019,6.6,490,653,13469,10107,2089,47
335,FLAT A 20/F TOWER 29 PHASE 5 OCEANCREST PARK ISLAND,14,15/7/2019,6.38,476,622,13403,10257,3654,180
336,FLAT G 28/F BLOCK 20 PHASE 3 PARK ISLAND,15,12/7/2019,6.95,532,678,13064,10251,2534,72
337,FLAT A 13/F BLOCK 20 PHASE 3 PARK ISLAND,15,12/7/2019,8.76,709,915,12355,9574,5476,167
338,FLAT B 8/F BLOCK 2 PHASE 2 PARK ISLAND,18,10/7/2019,9.5,781,1000,12164,9500,2866,54
339,FLAT G 21/F BLOCK 22 PHASE 3 PARK ISLAND,15,28/6/2019,6.75,532,678,12688,9956,3273,160
340,FLAT H 5/F BLOCK 10 PHASE 1 PARK ISLAND,18,27/6/2019,6.4,537,706,11918,9065,1401,24
341,FLAT F 18/F BLOCK 11 PHASE 1 PARK ISLAND,18,26/6/2019,7,531,694,13183,10086,4170,199
342,FLAT G 7/F BLOCK 10 PHASE 1 PARK ISLAND,18,25/6/2019,6.54,531,694,12313,9421,3586,179
343,FLAT H 15/F BLOCK 1 PHASE 3 PARK ISLAND,15,21/6/2019,7,579,770,12090,9091,2698,73
344,FLAT H 13/F BLOCK 11 PHASE 1 PARK ISLAND,18,21/6/2019,6.65,537,706,12384,9419,1809,52
345,FLAT C 32/F BLOCK 19 PHASE 3 PARK ISLAND,15,21/6/2019,12,848,1092,14151,10989,4792,118
346,FLAT I 8/F BLOCK 17 PHASE 1 PARK ISLAND,18,21/6/2019,5.78,360,488,16056,11844,2686,118
347,FLAT B 16/F BLOCK 13 PHASE 1 PARK ISLAND,18,20/6/2019,8.65,583,742,14837,11658,2481,80
348,FLAT B 27/F TOWER 30 PHASE 5 OCEANCREST PARK ISLAND,14,19/6/2019,6.89,499,676,13808,10192,1598,39
349,FLAT H 23/F BLOCK 18 PHASE 1 PARK ISLAND,18,18/6/2019,6,499,652,12024,9202,3318,140
350,FLAT B 6/F BLOCK 15 PHASE 1 PARK ISLAND,18,17/6/2019,6.47,523,685,12367,9442,3020,106
351,FLAT C 11/F BLOCK 23 PHASE 3 PARK ISLAND,15,17/6/2019,10,837,1077,11947,9285,3627,139
352,FLAT D 30/F TOWER 30 PHASE 5 OCEANCREST PARK ISLAND,14,17/6/2019,8,685,858,11679,9324,4654,123
353,FLAT B 31/F TOWER 30 PHASE 5 OCEANCREST PARK ISLAND,14,14/6/2019,6.98,518,678,13475,10295,3240,128
354,FLAT B 11/F BLOCK 13 PHASE 1 PARK ISLAND,18,14/6/2019,6,583,742,10292,8086,3012,35
355,FLAT G 23/F TOWER 27 PHASE 5 OCEANCREST PARK ISLAND,14,14/6/2019,6,499,676,12024,8876,3638,154
356,FLAT F 3/F BLOCK 16 PHASE 1 PARK ISLAND,18,12/6/2019,8.53,781,1001,10922,8521,3690,167
357,FLAT F 22/F BLOCK 18 PHASE 1 PARK ISLAND,18,11/6/2019,6.3,520,679,12115,9278,6134,347
358,FLAT C 11/F BLOCK 17 PHASE 1 PARK ISLAND,18,11/6/2019,5.4,378,498,14286,10843,3169,156
359,FLAT D 17/F TOWER 27 PHASE 5 OCEANCREST PARK ISLAND,14,11/6/2019,7.1,574,747,12369,9505,4662,195
360,FLAT D 13/F BLOCK 2 PHASE 2 PARK ISLAND,18,10/6/2019,8.5,630,816,13492,10417,2643,85
361,FLAT E 16/F TOWER 27 PHASE 5 OCEANCREST PARK ISLAND,14,6/6/2019,7.1,574,747,12369,9505,4677,185
362,FLAT F 32/F BLOCK 22 PHASE 3 PARK ISLAND,15,6/6/2019,5.5,532,678,10338,8112,5186,85
363,FLAT H 19/F TOWER 30 PHASE 5 OCEANCREST PARK ISLAND,14,4/6/2019,6.4,507,665,12623,9624,3252,153
364,FLAT H 3/F BLOCK 17 PHASE 1 PARK ISLAND,18,3/6/2019,5.2,361,488,14404,10656,6103,281
365,FLAT G 19/F BLOCK 17 PHASE 1 PARK ISLAND,18,30/5/2019,5.1,339,449,15044,11359,2821,100
366,FLAT L 3/F BLOCK 17 PHASE 1 PARK ISLAND,18,27/5/2019,5.18,372,486,13925,10658,3027,125
367,FLAT C 16/F BLOCK 2 PHASE 2 PARK ISLAND,18,27/5/2019,9.4,713,916,13181,10260,6121,270
368,FLAT H 29/F BLOCK 20 PHASE 3 PARK ISLAND,15,27/5/2019,6,490,653,12245,9188,2303,41
369,FLAT C 20/F TOWER 31 PHASE 5 OCEANCREST PARK ISLAND,14,24/5/2019,7.2,575,735,12522,9796,3316,129
370,FLAT H 22/F BLOCK 3 PHASE 2 PARK ISLAND,18,23/5/2019,6.5,524,688,12405,9448,6071,251
371,FLAT G 7/F BLOCK 12 PHASE 1 PARK ISLAND,18,22/5/2019,6.55,531,694,12335,9438,3059,126
372,FLAT D 6/F BLOCK 6 PHASE 2 PARK ISLAND,18,22/5/2019,9.3,831,1075,11191,8651,6089,178
373,FLAT H 3/F BLOCK 18 PHASE 1 PARK ISLAND,18,21/5/2019,6.25,499,652,12525,9586,4970,215
374,FLAT H 10/F BLOCK 10 PHASE 1 PARK ISLAND,18,17/5/2019,6.75,537,706,12570,9561,6089,314
375,FLAT A 18/F BLOCK 19 PHASE 3 PARK ISLAND,15,15/5/2019,7,552,710,12681,9859,1708,40
376,FLAT F 12/F TOWER 27 PHASE 5 OCEANCREST PARK ISLAND,14,15/5/2019,6.8,574,736,11847,9239,2562,72
377,FLAT G 25/F BLOCK 2 PHASE 2 PARK ISLAND,18,10/5/2019,6.8,531,694,12806,9798,2984,97
378,FLAT C 28/F BLOCK 21 PHASE 3 PARK ISLAND,15,8/5/2019,10.68,841,1080,12699,9889,3234,118
379,FLAT E 30/F BLOCK 20 PHASE 3 PARK ISLAND,15,7/5/2019,6.9,490,653,14082,10567,4551,134
380,FLAT C 10/F TOWER 26 PHASE 5 OCEANCREST PARK ISLAND,14,6/5/2019,7,575,735,12174,9524,4616,177
381,FLAT B 7/F TOWER 30 PHASE 5 OCEANCREST PARK ISLAND,14,6/5/2019,6,499,676,12024,8876,1850,46
382,FLAT I 17/F BLOCK 17 PHASE 1 PARK ISLAND,18,6/5/2019,5.8,360,488,16111,11885,1728,53
383,FLAT G 32/F TOWER 31 PHASE 5 OCEANCREST PARK ISLAND,14,3/5/2019,7.1,545,710,13028,10000,4593,153
384,FLAT D 22/F TOWER 28 PHASE 5 OCEANCREST PARK ISLAND,14,2/5/2019,6.5,555,726,11712,8953,3519,117
385,FLAT H 1/F BLOCK 1 PHASE 3 PARK ISLAND,15,29/4/2019,6.6,579,770,11399,8571,5400,197
386,FLAT A 20/F BLOCK 2 PHASE 2 PARK ISLAND,18,26/4/2019,10,776,996,12887,10040,2957,74
387,FLAT G 18/F BLOCK 17 PHASE 1 PARK ISLAND,18,25/4/2019,4.95,339,449,14602,11024,2390,59
388,FLAT A 26/F TOWER 31 PHASE 5 OCEANCREST PARK ISLAND,14,25/4/2019,6.25,476,622,13130,10048,1305,28
389,FLAT F 17/F BLOCK 18 PHASE 1 PARK ISLAND,18,23/4/2019,6.48,520,679,12462,9543,2097,67
390,FLAT C 8/F BLOCK 11 PHASE 1 PARK ISLAND,18,23/4/2019,8.07,668,878,12081,9191,3191,107
391,FLAT A 5/F BLOCK 19 PHASE 3 PARK ISLAND,15,16/4/2019,6,552,710,10870,8451,3518,169
392,FLAT C 12/F BLOCK 23 PHASE 3 PARK ISLAND,15,16/4/2019,9.5,837,1077,11350,8821,2982,81
393,FLAT A 22/F TOWER 27 PHASE 5 OCEANCREST PARK ISLAND,14,12/4/2019,6,507,665,11834,9023,2509,76
394,FLAT G 18/F BLOCK 11 PHASE 1 PARK ISLAND,18,12/4/2019,6,531,694,11299,8646,6054,250
395,FLAT C 8/F BLOCK 18 PHASE 1 PARK ISLAND,18,12/4/2019,6.08,512,669,11875,9088,2489,97
396,FLAT E 19/F BLOCK 23 PHASE 3 PARK ISLAND,15,11/4/2019,6,490,653,12245,9188,1182,22
397,FLAT H 6/F BLOCK 7 PHASE 2 PARK ISLAND,18,10/4/2019,6.28,537,706,11695,8895,1097,35
398,FLAT G 19/F BLOCK 25 PHASE 3 PARK ISLAND,15,9/4/2019,6,532,678,11278,8850,3258,123
399,FLAT B 27/F TOWER 27 PHASE 5 OCEANCREST PARK ISLAND,14,4/4/2019,6,499,676,12024,8876,3101,97
400,FLAT H 18/F BLOCK 25 PHASE 3 PARK ISLAND,15,3/4/2019,5.48,490,653,11184,8392,3054,101
401,FLAT C 6/F BLOCK 10 PHASE 1 PARK ISLAND,18,1/4/2019,7.96,615,813,12943,9791,2787,73
402,FLAT F 18/F BLOCK 20 PHASE 3 PARK ISLAND,15,29/3/2019,6,532,678,11278,8850,5111,136
403,FLAT H 17/F TOWER 31 PHASE 5 OCEANCREST PARK ISLAND,14,29/3/2019,6.16,476,622,12941,9904,2002,50
404,FLAT E 6/F BLOCK 17 PHASE 1 PARK ISLAND,18,25/3/2019,5.38,360,488,14944,11025,3025,130
405,FLAT A 2/F SUN OCEAN (BLOCK 32) PHASE 6 ANA CAPRI PARK ISLAND,11,25/3/2019,17.88,1139,1423,15698,12565,2561,75
406,FLAT B 19/F TOWER 29 PHASE 5 OCEANCREST PARK ISLAND,14,25/3/2019,7.6,526,706,14449,10765,4594,207
407,FLAT F 17/F BLOCK 2 PHASE 2 PARK ISLAND,18,22/3/2019,5.68,531,694,10697,8184,1743,51
408,FLAT A 7/F TOWER 29 PHASE 5 OCEANCREST PARK ISLAND,14,21/3/2019,6,476,622,12605,9646,2093,47
409,FLAT B 13/F BLOCK 15 PHASE 1 PARK ISLAND,18,21/3/2019,6.3,523,685,12046,9197,3128,119
410,FLAT C 17/F BLOCK 21 PHASE 3 PARK ISLAND,15,20/3/2019,9,841,1080,10702,8333,3750,128
411,FLAT A 8/F TOWER 31 PHASE 5 OCEANCREST PARK ISLAND,14,18/3/2019,5.98,476,622,12553,9606,4580,163
412,FLAT C 16/F TOWER 26 PHASE 5 OCEANCREST PARK ISLAND,14,18/3/2019,6.55,575,735,11391,8912,1590,28
413,FLAT B 16/F TOWER 31 PHASE 5 OCEANCREST PARK ISLAND,14,15/3/2019,7.2,588,803,12245,8966,2347,41
414,FLAT B 2/F BLOCK 3 PHASE 2 PARK ISLAND,18,15/3/2019,9.1,781,1001,11652,9091,3455,117
415,FLAT B 13/F TOWER 31 PHASE 5 OCEANCREST PARK ISLAND,14,14/3/2019,6.83,591,803,11557,8506,3981,89
416,FLAT H 13/F BLOCK 9 PHASE 1 PARK ISLAND,18,12/3/2019,6,537,706,11173,8499,3062,119
417,FLAT E 16/F BLOCK 2 PHASE 2 PARK ISLAND,18,11/3/2019,7.32,639,844,11455,8673,6031,228
418,FLAT D 29/F BLOCK 25 PHASE 3 PARK ISLAND,15,11/3/2019,7.8,591,775,13198,10065,4097,100
419,FLAT C 10/F TOWER 31 PHASE 5 OCEANCREST PARK ISLAND,14,8/3/2019,6.38,575,735,11096,8680,4571,146
420,FLAT C 17/F BLOCK 7 PHASE 2 PARK ISLAND,18,8/3/2019,7.7,592,754,13007,10212,2324,48
421,FLAT F 7/F BLOCK 13 PHASE 1 PARK ISLAND,18,8/3/2019,5.4,531,694,10169,7781,3602,177
422,FLAT D 25/F BLOCK 3 PHASE 2 PARK ISLAND,18,4/3/2019,7.58,632,816,11994,9289,3011,78
423,FLAT D 9/F TOWER 28 PHASE 5 OCEANCREST PARK ISLAND,14,1/3/2019,6,555,726,10811,8264,4564,166
424,FLAT F 6/F BLOCK 7 PHASE 2 PARK ISLAND,18,28/2/2019,6,531,694,11299,8646,2057,43
425,FLAT G 10/F BLOCK 18 PHASE 1 PARK ISLAND,18,27/2/2019,6,520,679,11538,8837,1253,15
426,FLAT B 3/F BLOCK 8 PHASE 1 PARK ISLAND,18,22/2/2019,6.7,583,742,11492,9030,2090,29
427,FLAT C 11/F BLOCK 12 PHASE 1 PARK ISLAND,18,22/2/2019,7.2,615,813,11707,8856,6016,209
428,FLAT C 19/F TOWER 27 PHASE 5 OCEANCREST PARK ISLAND,14,21/2/2019,6.85,574,736,11930,9304,2356,68
429,FLAT D 13/F BLOCK 21 PHASE 3 PARK ISLAND,15,21/2/2019,8.13,709,915,11467,8885,4659,111
430,FLAT F 25/F TOWER 28 PHASE 5 OCEANCREST PARK ISLAND,14,20/2/2019,6.6,575,735,11478,8980,2661,58
431,FLAT C 19/F BLOCK 2 PHASE 2 PARK ISLAND,18,20/2/2019,8.5,713,916,11921,9279,4850,137
432,FLAT D 6/F BLOCK 19 PHASE 3 PARK ISLAND,15,19/2/2019,5.78,570,736,10140,7853,2859,70
433,FLAT A 20/F BLOCK 20 PHASE 3 PARK ISLAND,15,18/2/2019,8.22,709,915,11591,8981,3105,111
434,FLAT A 12/F TOWER 30 PHASE 5 OCEANCREST PARK ISLAND,14,15/2/2019,5.85,507,665,11538,8797,1477,17
435,FLAT D 10/F BLOCK 15 PHASE 1 PARK ISLAND,18,15/2/2019,9.5,774,993,12274,9567,2174,22
436,FLAT F 9/F BLOCK 8 PHASE 1 PARK ISLAND,18,11/2/2019,6.08,531,694,11450,8761,2369,71
437,FLAT F 6/F BLOCK 2 PHASE 2 PARK ISLAND,18,8/2/2019,5.9,531,694,11111,8501,5999,252
438,FLAT H 21/F BLOCK 16 PHASE 1 PARK ISLAND,18,8/2/2019,5.85,533,675,10976,8667,6016,296
439,FLAT G 21/F BLOCK 16 PHASE 1 PARK ISLAND,18,8/2/2019,5.85,534,681,10955,8590,6013,309
440,FLAT H 31/F BLOCK 20 PHASE 3 PARK ISLAND,15,4/2/2019,6,490,653,12245,9188,2992,89
441,FLAT G 27/F TOWER 30 PHASE 5 OCEANCREST PARK ISLAND,14,4/2/2019,6,499,676,12024,8876,2464,50
442,FLAT H 15/F BLOCK 3 PHASE 2 PARK ISLAND,18,1/2/2019,6.19,524,688,11809,8994,2999,110
443,FLAT A 20/F TOWER 28 PHASE 5 OCEANCREST PARK ISLAND,14,1/2/2019,5.92,476,622,12437,9518,2321,57
444,FLAT F 5/F BLOCK 7 PHASE 2 PARK ISLAND,18,31/1/2019,6.05,531,694,11394,8718,3023,124
445,FLAT A 23/F BLOCK 21 PHASE 3 PARK ISLAND,15,31/1/2019,6.3,549,711,11475,8861,1116,18
446,FLAT C 22/F TOWER 29 PHASE 5 OCEANCREST PARK ISLAND,14,30/1/2019,6.8,575,735,11826,9252,1430,23
447,FLAT C 7/F BLOCK 17 PHASE 1 PARK ISLAND,18,30/1/2019,5,378,498,13228,10040,1660,45
448,FLAT B 10/F TOWER 31 PHASE 5 OCEANCREST PARK ISLAND,14,30/1/2019,7,591,803,11844,8717,1981,37
449,FLAT H 7/F BLOCK 1 PHASE 3 PARK ISLAND,15,29/1/2019,6.76,579,770,11675,8779,3149,96
450,FLAT B 3/F BLOCK 3 PHASE 2 PARK ISLAND,18,28/1/2019,10,781,1001,12804,9990,4278,214
451,FLAT G 2/F BLOCK 15 PHASE 1 PARK ISLAND,18,21/1/2019,5.6,520,681,10769,8223,2488,76
452,FLAT B 8/F BLOCK 7 PHASE 2 PARK ISLAND,18,21/1/2019,7.38,583,742,12659,9946,2490,70
453,FLAT E 3/F BLOCK 9 PHASE 1 PARK ISLAND,18,18/1/2019,5.9,537,706,10987,8357,1404,22
454,FLAT A 12/F TOWER 31 PHASE 5 OCEANCREST PARK ISLAND,14,18/1/2019,5.3,476,622,11134,8521,2543,72
455,FLAT A 7/F TOWER 28 PHASE 5 OCEANCREST PARK ISLAND,14,14/1/2019,5.4,476,622,11345,8682,2719,69
456,FLAT D 11/F BLOCK 6 PHASE 2 PARK ISLAND,18,14/1/2019,11.5,831,1075,13839,10698,1607,58
457,FLAT C 28/F TOWER 26 PHASE 5 OCEANCREST PARK ISLAND,14,11/1/2019,6,589,737,10187,8141,2234,33
458,FLAT B 9/F TOWER 31 PHASE 5 OCEANCREST PARK ISLAND,14,28/12/2018,8.34,591,803,14112,10386,4490,220
459,FLAT H 12/F BLOCK 23 PHASE 3 PARK ISLAND,15,21/12/2018,6,490,653,12245,9188,2460,80
460,FLAT A 2/F BLOCK 12 PHASE 1 PARK ISLAND,18,19/12/2018,9.5,807,1042,11772,9117,5945,252
461,FLAT B 21/F BLOCK 25 PHASE 3 PARK ISLAND,15,19/12/2018,8.5,837,1077,10155,7892,2750,41
462,FLAT H 20/F BLOCK 5 PHASE 2 PARK ISLAND,18,18/12/2018,6,522,686,11494,8746,2363,71
463,FLAT C 10/F BLOCK 8 PHASE 1 PARK ISLAND,18,17/12/2018,7.1,583,742,12178,9569,5923,197
464,FLAT H 26/F BLOCK 1 PHASE 3 PARK ISLAND,15,13/12/2018,7.9,579,770,13644,10260,3163,139
465,FLAT A 2/F BLOCK 3 PHASE 2 PARK ISLAND,18,6/12/2018,8.68,774,993,11214,8741,1870,28
466,FLAT H 23/F BLOCK 20 PHASE 3 PARK ISLAND,15,6/12/2018,6,490,653,12245,9188,3417,163
467,FLAT A 9/F TOWER 31 PHASE 5 OCEANCREST PARK ISLAND,14,6/12/2018,6.25,476,622,13130,10048,1221,17
468,FLAT G 22/F BLOCK 19 PHASE 3 PARK ISLAND,15,5/12/2018,7.22,532,678,13571,10649,3366,194
469,FLAT A 19/F BLOCK 13 PHASE 1 PARK ISLAND,18,29/11/2018,9.4,794,1027,11839,9153,5910,208
470,FLAT F 28/F BLOCK 19 PHASE 3 PARK ISLAND,15,27/11/2018,6,532,678,11278,8850,2240,30
471,FLAT F 12/F TOWER 30 PHASE 5 OCEANCREST PARK ISLAND,14,26/11/2018,6.6,574,736,11498,8967,3322,100
472,NO. 215 2/F NO. 215 MA WAN MAIN STREET VILLAGE CENTRAL MA WAN MAIN STREET VILLAGE CENTRAL  (with roof),0,21/11/2018,6.8,-,-,-,-,-,
473,FLAT F 13/F TOWER 29 PHASE 5 OCEANCREST PARK ISLAND,14,21/11/2018,6.65,575,735,11565,9048,2275,46
474,FLAT A 8/F TOWER 30 PHASE 5 OCEANCREST PARK ISLAND,14,20/11/2018,6,507,665,11834,9023,4460,177
475,FLAT B 7/F TOWER 26 PHASE 5 OCEANCREST PARK ISLAND,14,20/11/2018,6.44,526,706,12240,9119,2135,51
476,FLAT H 30/F TOWER 29 PHASE 5 OCEANCREST PARK ISLAND,14,19/11/2018,6.28,499,626,12585,10032,4475,183
477,FLAT G 30/F TOWER 29 PHASE 5 OCEANCREST PARK ISLAND,14,13/11/2018,7.78,621,810,12528,9605,4460,150
478,FLAT B 8/F BLOCK 21 PHASE 3 PARK ISLAND,15,13/11/2018,6.2,566,718,10954,8635,2852,103
479,FLAT H 11/F BLOCK 3 PHASE 2 PARK ISLAND,18,8/11/2018,6.5,524,688,12405,9448,2776,91
480,FLAT B 6/F BLOCK 18 PHASE 1 PARK ISLAND,18,8/11/2018,6,512,669,11719,8969,3434,200
481,FLAT A 18/F TOWER 27 PHASE 5 OCEANCREST PARK ISLAND,14,6/11/2018,6,507,665,11834,9023,4465,187
482,FLAT G 15/F BLOCK 9 PHASE 1 PARK ISLAND,18,2/11/2018,6.8,531,694,12806,9798,5904,304
483,FLAT E 30/F TOWER 28 PHASE 5 OCEANCREST PARK ISLAND,14,29/10/2018,8.6,715,896,12028,9598,2867,76
484,FLAT G 10/F BLOCK 21 PHASE 3 PARK ISLAND,15,24/10/2018,6.66,532,678,12519,9823,3180,156
485,FLAT E 20/F BLOCK 21 PHASE 3 PARK ISLAND,15,23/10/2018,6.8,490,653,13878,10413,3118,169
486,FLAT H 25/F TOWER 28 PHASE 5 OCEANCREST PARK ISLAND,14,18/10/2018,6.47,476,622,13588,10399,4428,190
487,FLAT C 2/F SUN OCEAN (BLOCK 32) PHASE 6 ANA CAPRI PARK ISLAND,11,16/10/2018,16.3,939,1173,17359,13896,2361,97
488,FLAT A 10/F BLOCK 17 PHASE 1 PARK ISLAND,18,5/10/2018,5.97,366,495,16306,12057,3302,235
489,FLAT G 31/F BLOCK 19 PHASE 3 PARK ISLAND,15,3/10/2018,7.1,532,678,13346,10472,2779,102
490,FLAT C 15/F BLOCK 23 PHASE 3 PARK ISLAND,15,21/9/2018,10.7,837,1077,12784,9935,2351,79
491,FLAT F 32/F BLOCK 20 PHASE 3 PARK ISLAND,15,19/9/2018,7,532,678,13158,10324,2866,103
492,FLAT I 9/F BLOCK 17 PHASE 1 PARK ISLAND,18,18/9/2018,5.8,360,488,16111,11885,1424,35
493,FLAT C 19/F TOWER 26 PHASE 5 OCEANCREST PARK ISLAND,14,13/9/2018,7.28,575,735,12661,9905,1900,54
494,FLAT G 28/F TOWER 31 PHASE 5 OCEANCREST PARK ISLAND,14,12/9/2018,7.68,545,710,14092,10817,1575,63
495,NO. 202 2/F NO. 202 MA WAN MAIN STREET VILLAGE CENTRAL MA WAN MAIN STREET VILLAGE CENTRAL  (with roof),0,6/9/2018,6.95,-,-,-,-,-,
496,FLAT E 18/F BLOCK 13 PHASE 1 PARK ISLAND,18,4/9/2018,6.58,537,706,12253,9320,5833,337
497,FLAT A 7/F BLOCK 22 PHASE 3 PARK ISLAND,15,4/9/2018,8.15,709,915,11495,8907,2902,126
498,FLAT A 11/F BLOCK 8 PHASE 1 PARK ISLAND,18,30/8/2018,10.38,794,1027,13073,10107,5189,182
499,FLAT F 16/F BLOCK 17 PHASE 1 PARK ISLAND,18,27/8/2018,6.08,361,488,16842,12459,3898,251
500,FLAT H 7/F TOWER 29 PHASE 5 OCEANCREST PARK ISLAND,14,27/8/2018,6.56,476,622,13782,10547,2884,147
501,FLAT F 25/F BLOCK 5 PHASE 2 PARK ISLAND,18,22/8/2018,22.7,1241,1546,18292,14683,3666,89
502,NO. 22 1/F NO. 22 MA WAN MAIN STREET VILLAGE EAST MA WAN MAIN STREET VILLAGE EAST ,0,21/8/2018,5,-,-,-,-,-,
503,FLAT D 7/F TOWER 29 PHASE 5 OCEANCREST PARK ISLAND,14,20/8/2018,9.3,762,997,12205,9328,4374,159
504,FLAT H 10/F BLOCK 19 PHASE 3 PARK ISLAND,15,15/8/2018,5.9,490,653,12041,9035,5156,189
505,FLAT F 15/F BLOCK 5 PHASE 2 PARK ISLAND,18,14/8/2018,11,834,1074,13189,10242,5812,219
506,FLAT A 19/F BLOCK 1 PHASE 3 PARK ISLAND,15,14/8/2018,9.2,707,912,13013,10088,3732,130
507,FLAT D 8/F TOWER 27 PHASE 5 OCEANCREST PARK ISLAND,14,13/8/2018,6.75,574,747,11760,9036,4370,209
508,FLAT G 21/F BLOCK 1 PHASE 3 PARK ISLAND,15,13/8/2018,7.03,532,678,13214,10369,3427,185
509,FLAT C 15/F BLOCK 6 PHASE 2 PARK ISLAND,18,7/8/2018,8.88,623,826,14254,10751,5811,232
510,FLAT F 27/F BLOCK 17 PHASE 1 PARK ISLAND,18,2/8/2018,5.78,361,488,16011,11844,2254,81
511,FLAT B 18/F BLOCK 20 PHASE 3 PARK ISLAND,15,1/8/2018,9.9,762,985,12992,10051,1119,30
512,FLAT J 28/F BLOCK 17 PHASE 1 PARK ISLAND,18,27/7/2018,6,378,498,15873,12048,3784,208
513,FLAT H 21/F BLOCK 5 PHASE 2 PARK ISLAND,18,27/7/2018,6.76,522,686,12950,9854,2153,83
514,FLAT F 12/F BLOCK 1 PHASE 3 PARK ISLAND,15,25/7/2018,6.83,532,678,12835,10071,3322,185
515,FLAT C 11/F TOWER 30 PHASE 5 OCEANCREST PARK ISLAND,14,24/7/2018,6.85,574,736,11934,9307,4327,182
516,NO. 332 G/F NO. 332 MA WAN MAIN STREET VILLAGE NORTH MA WAN MAIN STREET VILLAGE NORTH ,0,20/7/2018,6.5,-,-,-,-,-,
517,FLAT J 16/F BLOCK 17 PHASE 1 PARK ISLAND,18,20/7/2018,5.85,378,498,15476,11747,1670,53
518,FLAT I 6/F BLOCK 17 PHASE 1 PARK ISLAND,18,20/7/2018,5.82,360,488,16167,11926,1477,60
519,FLAT B 19/F BLOCK 3 PHASE 2 PARK ISLAND,18,16/7/2018,10.38,781,1001,13291,10370,2699,65
520,FLAT F 13/F BLOCK 9 PHASE 1 PARK ISLAND,18,16/7/2018,6,531,694,11299,8646,2204,58
521,FLAT C 13/F BLOCK 5 PHASE 2 PARK ISLAND,18,16/7/2018,11.2,834,1074,13429,10428,5777,223
522,FLAT G 13/F BLOCK 9 PHASE 1 PARK ISLAND,18,13/7/2018,6.43,531,694,12109,9265,1663,61
523,FLAT D 16/F BLOCK 25 PHASE 3 PARK ISLAND,15,11/7/2018,7.65,591,775,12944,9871,2856,139
524,FLAT D 1/F BLOCK 8 PHASE 1 PARK ISLAND,18,9/7/2018,8.4,794,1027,10579,8179,3297,141
525,FLAT A 17/F BLOCK 18 PHASE 1 PARK ISLAND,18,9/7/2018,7.51,614,797,12231,9423,4355,200
526,FLAT F 28/F BLOCK 17 PHASE 1 PARK ISLAND,18,9/7/2018,5.68,361,488,15734,11639,5093,238
527,FLAT E 16/F BLOCK 19 PHASE 3 PARK ISLAND,15,3/7/2018,6.45,490,653,13163,9877,5123,215
528,FLAT A 19/F TOWER 29 PHASE 5 OCEANCREST PARK ISLAND,14,29/6/2018,6.5,476,622,13655,10450,2436,105
529,FLAT G 7/F BLOCK 25 PHASE 3 PARK ISLAND,15,27/6/2018,6.34,532,678,11914,9348,3066,146
530,FLAT E 28/F BLOCK 25 PHASE 3 PARK ISLAND,15,26/6/2018,6.88,490,653,14041,10536,2299,94
531,FLAT A 8/F BLOCK 3 PHASE 2 PARK ISLAND,18,21/6/2018,9.35,774,993,12080,9416,3087,113
532,NO. 334 2/F NO. 334 MA WAN MAIN STREET VILLAGE NORTH MA WAN MAIN STREET VILLAGE NORTH  (with roof),0,20/6/2018,6.65,-,-,-,-,-,
533,FLAT D 17/F TOWER 28 PHASE 5 OCEANCREST PARK ISLAND,14,20/6/2018,6.78,555,726,12216,9339,621,26
534,FLAT H 10/F BLOCK 23 PHASE 3 PARK ISLAND,15,19/6/2018,6.3,490,653,12857,9648,2908,163
535,FLAT G 20/F TOWER 30 PHASE 5 OCEANCREST PARK ISLAND,14,19/6/2018,6.59,499,676,13206,9749,4304,164
536,FLAT C 28/F TOWER 30 PHASE 5 OCEANCREST PARK ISLAND,14,19/6/2018,7.6,589,736,12903,10326,2989,130
537,FLAT G 29/F BLOCK 22 PHASE 3 PARK ISLAND,15,15/6/2018,7.28,532,678,13684,10737,1191,31
538,FLAT E 22/F TOWER 29 PHASE 5 OCEANCREST PARK ISLAND,14,15/6/2018,10.7,762,997,14042,10732,2096,57
539,FLAT G 6/F BLOCK 19 PHASE 3 PARK ISLAND,15,15/6/2018,6,532,678,11278,8850,2296,95
540,FLAT H 6/F BLOCK 18 PHASE 1 PARK ISLAND,18,15/6/2018,6.5,499,652,13026,9969,5740,328
541,FLAT C 29/F BLOCK 22 PHASE 3 PARK ISLAND,15,14/6/2018,9.53,758,981,12573,9715,4420,113
542,FLAT A 10/F TOWER 31 PHASE 5 OCEANCREST PARK ISLAND,14,14/6/2018,6.45,476,622,13550,10370,1444,52
543,FLAT D 9/F BLOCK 17 PHASE 1 PARK ISLAND,18,13/6/2018,5.5,378,498,14550,11044,2850,150
544,FLAT B 17/F TOWER 26 PHASE 5 OCEANCREST PARK ISLAND,14,12/6/2018,6.92,526,706,13156,9802,2762,116
545,FLAT E 6/F BLOCK 19 PHASE 3 PARK ISLAND,15,11/6/2018,6,490,653,12245,9188,2003,67
546,FLAT A 10/F BLOCK 3 PHASE 2 PARK ISLAND,18,8/6/2018,9.6,774,993,12403,9668,2707,70
547,FLAT G 1/F BLOCK 7 PHASE 2 PARK ISLAND,18,7/6/2018,5.9,531,694,11111,8501,3951,224
548,FLAT C 6/F BLOCK 8 PHASE 1 PARK ISLAND,18,5/6/2018,7.42,583,742,12727,10000,3143,133
549,FLAT G 16/F TOWER 31 PHASE 5 OCEANCREST PARK ISLAND,14,4/6/2018,6.75,526,706,12833,9561,4279,188
550,FLAT E 16/F BLOCK 1 PHASE 3 PARK ISLAND,15,4/6/2018,6.55,505,672,12970,9747,1098,28
551,FLAT C 20/F BLOCK 17 PHASE 1 PARK ISLAND,18,31/5/2018,5.63,378,498,14894,11305,2737,125
552,FLAT K 13/F BLOCK 17 PHASE 1 PARK ISLAND,18,31/5/2018,5.48,378,498,14497,11004,2621,119
553,FLAT F 9/F BLOCK 20 PHASE 3 PARK ISLAND,15,30/5/2018,6.5,532,678,12218,9587,1568,59
554,FLAT C 6/F TOWER 29 PHASE 5 OCEANCREST PARK ISLAND,14,30/5/2018,6.65,537,687,12384,9680,3264,133
555,FLAT F 23/F TOWER 27 PHASE 5 OCEANCREST PARK ISLAND,14,29/5/2018,6.88,574,736,11986,9348,4296,173
556,FLAT B 29/F TOWER 30 PHASE 5 OCEANCREST PARK ISLAND,14,29/5/2018,6.38,518,678,12317,9410,4270,144
557,FLAT B 2/F AQUA OCEAN (BLOCK 35) PHASE 6 ANA CAPRI PARK ISLAND,11,29/5/2018,14.38,939,1173,15314,12259,2246,68
558,FLAT A 22/F BLOCK 12 PHASE 1 PARK ISLAND,18,28/5/2018,17.3,1154,1532,14991,11292,5765,138
559,FLAT H 15/F BLOCK 5 PHASE 2 PARK ISLAND,18,25/5/2018,5.98,522,686,11456,8717,2878,119
560,FLAT E 31/F BLOCK 25 PHASE 3 PARK ISLAND,15,24/5/2018,6.63,490,653,13531,10153,3794,162
561,FLAT C 11/F BLOCK 21 PHASE 3 PARK ISLAND,15,23/5/2018,9.58,841,1080,11391,8870,4370,125
562,FLAT B 27/F BLOCK 21 PHASE 3 PARK ISLAND,15,21/5/2018,7.6,566,718,13428,10585,2832,127
563,FLAT A 27/F BLOCK 21 PHASE 3 PARK ISLAND,15,21/5/2018,7.6,549,711,13843,10689,2831,134
564,FLAT C 15/F BLOCK 13 PHASE 1 PARK ISLAND,18,17/5/2018,8.18,583,742,14031,11024,4061,184
565,FLAT A 3/F BLOCK 12 PHASE 1 PARK ISLAND,18,11/5/2018,9.28,807,1042,11499,8906,5728,240
566,FLAT E 7/F BLOCK 6 PHASE 2 PARK ISLAND,18,11/5/2018,6,537,706,11173,8499,2052,63
567,FLAT G 19/F BLOCK 11 PHASE 1 PARK ISLAND,18,10/5/2018,6,531,694,11299,8646,3282,161
568,FLAT C 8/F BLOCK 17 PHASE 1 PARK ISLAND,18,8/5/2018,5.25,378,498,13889,10542,2569,97
569,FLAT H 9/F TOWER 28 PHASE 5 OCEANCREST PARK ISLAND,14,8/5/2018,6.2,476,622,13025,9968,2763,128
570,FLAT B 21/F BLOCK 3 PHASE 2 PARK ISLAND,18,7/5/2018,10.28,781,1001,13163,10270,1412,50
571,FLAT F 17/F BLOCK 25 PHASE 3 PARK ISLAND,15,4/5/2018,6.65,532,678,12500,9808,4118,204
572,FLAT H 6/F BLOCK 15 PHASE 1 PARK ISLAND,18,3/5/2018,5.69,523,678,10880,8392,2189,84
573,FLAT H 28/F BLOCK 17 PHASE 1 PARK ISLAND,18,3/5/2018,5.43,361,488,15042,11127,2618,104
574,FLAT D 13/F BLOCK 9 PHASE 1 PARK ISLAND,18,30/4/2018,9.8,794,1027,12343,9542,5728,231
575,FLAT D 22/F TOWER 27 PHASE 5 OCEANCREST PARK ISLAND,14,27/4/2018,6.8,574,747,11847,9103,2819,106
576,FLAT B 2/F SUN OCEAN (BLOCK 32) PHASE 6 ANA CAPRI PARK ISLAND,11,27/4/2018,14.8,939,1173,15761,12617,2224,77
577,NO. 253 G/F NO. 253 MA WAN MAIN STREET VILLAGE CENTRAL MA WAN MAIN STREET VILLAGE CENTRAL ,0,25/4/2018,3,-,-,-,-,-,
578,FLAT H 18/F BLOCK 10 PHASE 1 PARK ISLAND,18,20/4/2018,6.28,537,706,11695,8895,2166,73
579,FLAT G 31/F TOWER 29 PHASE 5 OCEANCREST PARK ISLAND,14,20/4/2018,7.7,621,810,12399,9506,1628,31
580,FLAT F 25/F BLOCK 20 PHASE 3 PARK ISLAND,15,20/4/2018,6.67,532,678,12534,9835,2923,147
581,FLAT G 17/F BLOCK 11 PHASE 1 PARK ISLAND,18,19/4/2018,6.3,531,694,11864,9078,2028,64
582,FLAT I 1/F BLOCK 17 PHASE 1 PARK ISLAND,18,18/4/2018,4.6,372,488,12366,9426,1274,18
583,FLAT B 6/F BLOCK 8 PHASE 1 PARK ISLAND,18,18/4/2018,7.47,583,742,12810,10065,3080,121
584,FLAT D 11/F TOWER 29 PHASE 5 OCEANCREST PARK ISLAND,14,18/4/2018,8,762,997,10499,8024,4205,119
585,FLAT H 6/F BLOCK 22 PHASE 3 PARK ISLAND,15,17/4/2018,5.8,490,653,11837,8882,683,41
586,FLAT E 22/F TOWER 28 PHASE 5 OCEANCREST PARK ISLAND,14,16/4/2018,8.35,678,891,12316,9371,2594,67
587,FLAT H 22/F BLOCK 17 PHASE 1 PARK ISLAND,18,16/4/2018,5.38,361,488,14903,11025,2939,146
588,FLAT H 2/F BLOCK 15 PHASE 1 PARK ISLAND,18,13/4/2018,6,523,678,11472,8850,1869,60
589,FLAT B 30/F TOWER 31 PHASE 5 OCEANCREST PARK ISLAND,14,12/4/2018,7.6,621,810,12238,9383,4237,138
590,FLAT D 23/F BLOCK 1 PHASE 3 PARK ISLAND,15,12/4/2018,11.12,837,1077,13286,10325,2421,92
591,FLAT A 1/F LUNA OCEAN (BLOCK 33) PHASE 6 ANA CAPRI PARK ISLAND,11,12/4/2018,29.8,1451,1813,20538,16437,2210,45
592,FLAT B 2/F BLOCK 17 PHASE 1 PARK ISLAND,18,12/4/2018,4.6,372,486,12366,9465,1229,17
593,FLAT A 3/F SUN OCEAN (BLOCK 32) PHASE 6 ANA CAPRI PARK ISLAND,11,11/4/2018,16.5,1040,1300,15865,12692,2219,89
594,FLAT D 15/F BLOCK 21 PHASE 3 PARK ISLAND,15,11/4/2018,8.4,709,915,11848,9180,5028,148
595,FLAT B 26/F TOWER 26 PHASE 5 OCEANCREST PARK ISLAND,14,11/4/2018,7,526,706,13308,9915,1902,45
596,FLAT E 7/F BLOCK 8 PHASE 1 PARK ISLAND,18,11/4/2018,5.5,537,706,10242,7790,3759,159
597,FLAT G 16/F BLOCK 21 PHASE 3 PARK ISLAND,15,10/4/2018,6.6,532,678,12406,9735,2014,70
598,FLAT F 22/F BLOCK 3 PHASE 2 PARK ISLAND,18,10/4/2018,6.72,531,694,12646,9676,3722,174
599,FLAT E 9/F BLOCK 20 PHASE 3 PARK ISLAND,15,10/4/2018,6,490,653,12245,9188,2525,85
600,FLAT J 17/F BLOCK 17 PHASE 1 PARK ISLAND,18,9/4/2018,5.33,378,498,14101,10703,2386,74
601,NO. 11 1/F NO.11 MA WAN MAIN STREET VILLAGE EAST MA WAN MAIN STREET VILLAGE EAST ,0,9/4/2018,5.85,-,-,-,-,2879,266
602,FLAT A 2/F LUNA OCEAN (BLOCK 33) PHASE 6 ANA CAPRI PARK ISLAND,11,6/4/2018,17.38,1139,1423,15259,12214,2213,68
603,FLAT L 1/F BLOCK 17 PHASE 1 PARK ISLAND,18,6/4/2018,4.8,372,486,12903,9877,3154,201
604,FLAT G 7/F TOWER 31 PHASE 5 OCEANCREST PARK ISLAND,14,3/4/2018,6,526,706,11407,8499,4212,183
605,FLAT A 19/F BLOCK 6 PHASE 2 PARK ISLAND,18,29/3/2018,15.5,1186,1572,13069,9860,4973,88
606,FLAT J 2/F BLOCK 17 PHASE 1 PARK ISLAND,18,27/3/2018,4.85,378,498,12831,9739,2906,153
607,FLAT H 23/F TOWER 30 PHASE 5 OCEANCREST PARK ISLAND,14,27/3/2018,6,507,665,11834,9023,2597,90
608,NO. 304 G/F NO. 304 MA WAN MAIN STREET VILLAGE NORTH MA WAN MAIN STREET VILLAGE NORTH ,0,27/3/2018,3,-,-,-,-,-,
609,NO. 325 2/F NO. 325 MA WAN MAIN STREET VILLAGE NORTH MA WAN MAIN STREET VILLAGE NORTH  (with roof),0,26/3/2018,6.89,-,-,-,-,1390,51
610,FLAT H 21/F TOWER 26 PHASE 5 OCEANCREST PARK ISLAND,14,26/3/2018,6.15,476,622,12926,9892,4210,178
611,FLAT A 28/F BLOCK 25 PHASE 3 PARK ISLAND,15,23/3/2018,7.75,617,800,12561,9688,4354,109
612,FLAT C 26/F TOWER 26 PHASE 5 OCEANCREST PARK ISLAND,14,23/3/2018,7,575,735,12174,9524,1852,35
613,FLAT F 6/F TOWER 27 PHASE 5 OCEANCREST PARK ISLAND,14,16/3/2018,6.2,574,736,10801,8424,1274,39
614,FLAT A 6/F TOWER 26 PHASE 5 OCEANCREST PARK ISLAND,14,16/3/2018,5.75,476,622,12080,9244,3597,142
615,FLAT A 7/F TOWER 31 PHASE 5 OCEANCREST PARK ISLAND,14,16/3/2018,6,476,622,12605,9646,2399,140
616,FLAT E 29/F TOWER 30 PHASE 5 OCEANCREST PARK ISLAND,14,16/3/2018,9.68,799,1002,12115,9661,3129,102
617,FLAT H 18/F BLOCK 9 PHASE 1 PARK ISLAND,18,16/3/2018,6,537,706,11173,8499,2655,92
618,FLAT K 15/F BLOCK 17 PHASE 1 PARK ISLAND,18,16/3/2018,5,378,498,13228,10040,1229,25
619,FLAT H 32/F BLOCK 23 PHASE 3 PARK ISLAND,15,16/3/2018,6.5,490,653,13265,9954,2650,82
620,FLAT D 7/F BLOCK 3 PHASE 2 PARK ISLAND,18,14/3/2018,7.6,632,816,12025,9314,5658,275
621,FLAT E 28/F BLOCK 20 PHASE 3 PARK ISLAND,15,12/3/2018,6.44,490,653,13139,9859,5005,172
622,FLAT A 32/F BLOCK 22 PHASE 3 PARK ISLAND,15,9/3/2018,8.68,709,915,12243,9486,4515,114
623,FLAT F 6/F BLOCK 23 PHASE 3 PARK ISLAND,15,9/3/2018,5.7,532,678,10714,8407,1949,52
624,FLAT C 6/F BLOCK 6 PHASE 2 PARK ISLAND,18,8/3/2018,7.98,615,813,12976,9815,3689,148
625,FLAT E 11/F BLOCK 20 PHASE 3 PARK ISLAND,15,8/3/2018,5.95,490,653,12143,9112,4710,150
626,FLAT E 17/F BLOCK 20 PHASE 3 PARK ISLAND,15,8/3/2018,6,490,653,12245,9188,4999,184
627,FLAT H 10/F BLOCK 25 PHASE 3 PARK ISLAND,15,7/3/2018,6,490,653,12245,9188,1336,47
628,FLAT G 1/F BLOCK 11 PHASE 1 PARK ISLAND,18,2/3/2018,5.9,531,694,11111,8501,3798,239
629,FLAT E 10/F BLOCK 15 PHASE 1 PARK ISLAND,18,2/3/2018,6.2,529,688,11720,9012,2685,93
630,FLAT F 3/F BLOCK 5 PHASE 2 PARK ISLAND,18,1/3/2018,9.78,834,1074,11727,9106,2943,104
631,FLAT H 21/F BLOCK 25 PHASE 3 PARK ISLAND,15,28/2/2018,5.98,490,653,12204,9158,2135,77
632,FLAT E 13/F TOWER 26 PHASE 5 OCEANCREST PARK ISLAND,14,28/2/2018,6,574,747,10453,8032,3032,94
633,FLAT F 10/F BLOCK 15 PHASE 1 PARK ISLAND,18,27/2/2018,5.78,520,681,11115,8488,2670,80
634,FLAT B 3/F BLOCK 12 PHASE 1 PARK ISLAND,18,26/2/2018,7.96,668,878,11916,9066,2282,69
635,FLAT B 22/F TOWER 29 PHASE 5 OCEANCREST PARK ISLAND,14,22/2/2018,6.6,526,706,12548,9348,1567,31
636,FLAT H 11/F BLOCK 25 PHASE 3 PARK ISLAND,15,21/2/2018,5.78,490,653,11796,8851,4970,175
637,FLAT G 19/F TOWER 26 PHASE 5 OCEANCREST PARK ISLAND,14,20/2/2018,7.3,591,803,12352,9091,1139,24
638,FLAT C 16/F BLOCK 7 PHASE 2 PARK ISLAND,18,15/2/2018,7.38,592,754,12466,9788,1243,23
639,FLAT B 23/F BLOCK 21 PHASE 3 PARK ISLAND,15,15/2/2018,6.7,566,718,11837,9331,1473,43
640,FLAT E 11/F BLOCK 8 PHASE 1 PARK ISLAND,18,15/2/2018,6,537,706,11173,8499,5652,261
641,FLAT B 19/F BLOCK 18 PHASE 1 PARK ISLAND,18,15/2/2018,6,512,669,11719,8969,1150,31
642,FLAT H 15/F TOWER 26 PHASE 5 OCEANCREST PARK ISLAND,14,14/2/2018,5.82,476,622,12227,9357,4186,168
643,FLAT H 19/F BLOCK 10 PHASE 1 PARK ISLAND,18,14/2/2018,6.28,537,706,11695,8895,3746,185
644,FLAT E 8/F BLOCK 1 PHASE 3 PARK ISLAND,15,14/2/2018,5.83,505,672,11545,8676,2709,124
645,FLAT D 27/F BLOCK 22 PHASE 3 PARK ISLAND,15,12/2/2018,6.5,549,707,11840,9194,4759,124
646,FLAT F 9/F BLOCK 1 PHASE 3 PARK ISLAND,15,9/2/2018,6,532,678,11278,8850,2482,76
647,FLAT C 21/F BLOCK 21 PHASE 3 PARK ISLAND,15,9/2/2018,11,841,1080,13080,10185,1842,57
648,FLAT B 23/F BLOCK 5 PHASE 2 PARK ISLAND,18,8/2/2018,6.98,518,680,13475,10265,5197,185
649,NO. 11 2/F NO.11 MA WAN MAIN STREET VILLAGE EAST MA WAN MAIN STREET VILLAGE EAST  (with roof),0,8/2/2018,6.45,-,-,-,-,-,
650,FLAT G 15/F BLOCK 17 PHASE 1 PARK ISLAND,18,7/2/2018,4.5,339,449,13274,10022,3066,145
651,FLAT E 7/F TOWER 27 PHASE 5 OCEANCREST PARK ISLAND,14,5/2/2018,6,574,747,10453,8032,3447,112
652,FLAT E 20/F BLOCK 18 PHASE 1 PARK ISLAND,18,2/2/2018,5.93,497,648,11932,9151,3021,151
653,FLAT F 7/F TOWER 31 PHASE 5 OCEANCREST PARK ISLAND,14,2/2/2018,6,575,735,10435,8163,3081,121
654,FLAT D 28/F BLOCK 1 PHASE 3 PARK ISLAND,15,2/2/2018,10.1,837,1077,12067,9378,2600,75
655,FLAT H 20/F BLOCK 19 PHASE 3 PARK ISLAND,15,2/2/2018,5.8,490,653,11837,8882,4962,170
656,FLAT M 11/F BLOCK 17 PHASE 1 PARK ISLAND,18,30/1/2018,4.83,366,496,13197,9738,1600,44
657,FLAT B 5/F BLOCK 7 PHASE 2 PARK ISLAND,18,26/1/2018,6.57,583,742,11266,8852,1144,24
658,FLAT L 10/F BLOCK 17 PHASE 1 PARK ISLAND,18,24/1/2018,4.78,360,488,13278,9795,3486,169
659,FLAT B 17/F BLOCK 13 PHASE 1 PARK ISLAND,18,24/1/2018,7.13,592,754,12044,9456,5613,220
660,FLAT B 28/F BLOCK 20 PHASE 3 PARK ISLAND,15,24/1/2018,8.5,762,985,11155,8629,3224,136
661,FLAT D 19/F BLOCK 17 PHASE 1 PARK ISLAND,18,24/1/2018,5.23,378,498,13836,10502,2806,162
662,FLAT G 21/F BLOCK 19 PHASE 3 PARK ISLAND,15,23/1/2018,6,532,678,11278,8850,2698,112
663,FLAT I 2/F BLOCK 17 PHASE 1 PARK ISLAND,18,22/1/2018,4.68,372,488,12581,9590,3097,170
664,FLAT H 13/F TOWER 31 PHASE 5 OCEANCREST PARK ISLAND,14,17/1/2018,5.77,476,622,12122,9277,3665,146
665,FLAT E 1/F BLOCK 1 PHASE 3 PARK ISLAND,15,17/1/2018,5.4,505,672,10693,8036,4685,187
666,FLAT C 21/F BLOCK 15 PHASE 1 PARK ISLAND,18,16/1/2018,9.5,790,1013,12025,9378,3675,2
667,FLAT B 15/F BLOCK 8 PHASE 1 PARK ISLAND,18,15/1/2018,7.2,592,742,12162,9704,5621,206
668,FLAT H 3/F BLOCK 1 PHASE 3 PARK ISLAND,15,12/1/2018,6.7,579,770,11572,8701,4930,183
669,FLAT D 21/F BLOCK 15 PHASE 1 PARK ISLAND,18,12/1/2018,9.3,785,1007,11847,9235,4831,133
670,FLAT G 28/F TOWER 26 PHASE 5 OCEANCREST PARK ISLAND,14,12/1/2018,7.5,621,810,12077,9259,3002,120
671,FLAT D 20/F BLOCK 17 PHASE 1 PARK ISLAND,18,11/1/2018,5.28,378,498,13968,10602,5102,198
672,FLAT A 16/F TOWER 28 PHASE 5 OCEANCREST PARK ISLAND,14,5/1/2018,5.7,476,622,11975,9164,2354,71
673,FLAT F 26/F BLOCK 17 PHASE 1 PARK ISLAND,18,3/1/2018,5,361,488,13850,10246,1180,25
674,FLAT A 8/F TOWER 29 PHASE 5 OCEANCREST PARK ISLAND,14,3/1/2018,5.82,476,622,12227,9357,3034,154
675,FLAT J 13/F BLOCK 17 PHASE 1 PARK ISLAND,18,2/1/2018,5.08,378,498,13439,10201,1771,35
676,FLAT E 12/F BLOCK 15 PHASE 1 PARK ISLAND,18,21/12/2017,6,529,688,11342,8721,2042,78
677,FLAT D 8/F BLOCK 1 PHASE 3 PARK ISLAND,15,21/12/2017,9.9,837,1077,11828,9192,1893,43
678,FLAT B 11/F TOWER 30 PHASE 5 OCEANCREST PARK ISLAND,14,20/12/2017,5.98,499,676,11984,8846,2485,82
679,FLAT H 18/F BLOCK 23 PHASE 3 PARK ISLAND,15,18/12/2017,5.6,490,653,11434,8580,4915,141
680,FLAT F 18/F BLOCK 1 PHASE 3 PARK ISLAND,15,15/12/2017,6.27,532,678,11791,9252,1106,26
681,FLAT E 18/F BLOCK 18 PHASE 1 PARK ISLAND,18,14/12/2017,5.88,497,648,11831,9074,2625,126
682,FLAT E 6/F BLOCK 16 PHASE 1 PARK ISLAND,18,13/12/2017,7.5,774,993,9690,7553,1643,25
683,FLAT F 20/F BLOCK 12 PHASE 1 PARK ISLAND,18,12/12/2017,6,531,694,11299,8646,3909,197
684,FLAT H 23/F BLOCK 21 PHASE 3 PARK ISLAND,15,11/12/2017,5.68,490,653,11592,8698,4902,154
685,FLAT H 26/F BLOCK 20 PHASE 3 PARK ISLAND,15,11/12/2017,5.5,490,653,11224,8423,4901,152
686,FLAT A 19/F BLOCK 23 PHASE 3 PARK ISLAND,15,8/12/2017,7.08,607,797,11664,8883,1831,42
687,FLAT G 16/F BLOCK 15 PHASE 1 PARK ISLAND,18,7/12/2017,6,520,681,11538,8811,2062,76
688,FLAT H 3/F BLOCK 9 PHASE 1 PARK ISLAND,18,6/12/2017,5.7,537,706,10615,8074,3034,161
689,FLAT H 28/F TOWER 30 PHASE 5 OCEANCREST PARK ISLAND,14,1/12/2017,5.87,531,667,11055,8801,2689,113
690,FLAT F 17/F TOWER 26 PHASE 5 OCEANCREST PARK ISLAND,14,28/11/2017,6.5,575,735,11304,8844,2414,67
691,FLAT B 3/F LUNA OCEAN (BLOCK 33) PHASE 6 ANA CAPRI PARK ISLAND,11,28/11/2017,13.5,910,1137,14835,11873,2078,74
692,FLAT E 23/F BLOCK 2 PHASE 2 PARK ISLAND,18,27/11/2017,7.5,639,844,11737,8886,2899,109
693,FLAT H 22/F BLOCK 23 PHASE 3 PARK ISLAND,15,27/11/2017,5.1,490,653,10408,7810,1049,9
694,FLAT F 22/F TOWER 30 PHASE 5 OCEANCREST PARK ISLAND,14,24/11/2017,6.68,574,736,11629,9069,4102,137
695,FLAT B 7/F TOWER 29 PHASE 5 OCEANCREST PARK ISLAND,14,24/11/2017,6,526,706,11407,8499,4104,154
696,FLAT B 10/F BLOCK 10 PHASE 1 PARK ISLAND,18,21/11/2017,8,668,878,11976,9112,5540,210
697,FLAT G 29/F BLOCK 23 PHASE 3 PARK ISLAND,15,21/11/2017,6.7,532,678,12594,9882,2390,80
698,FLAT D 7/F BLOCK 17 PHASE 1 PARK ISLAND,18,20/11/2017,4.65,378,498,12302,9337,2765,116
699,FLAT D 25/F BLOCK 1 PHASE 3 PARK ISLAND,15,17/11/2017,9.2,837,1077,10992,8542,4189,87
700,FLAT B 13/F BLOCK 25 PHASE 3 PARK ISLAND,15,13/11/2017,8.5,837,1077,10155,7892,1158,19
701,FLAT D 16/F BLOCK 23 PHASE 3 PARK ISLAND,15,9/11/2017,6.65,617,800,10778,8313,2603,79
702,FLAT H 30/F BLOCK 20 PHASE 3 PARK ISLAND,15,9/11/2017,5.48,490,653,11184,8392,1963,42
703,FLAT A 9/F BLOCK 16 PHASE 1 PARK ISLAND,18,8/11/2017,5.88,523,678,11243,8673,5545,228
704,FLAT H 13/F BLOCK 3 PHASE 2 PARK ISLAND,18,8/11/2017,5.1,524,688,9733,7413,5541,191
705,FLAT G 19/F BLOCK 19 PHASE 3 PARK ISLAND,15,6/11/2017,6.2,532,678,11654,9145,2236,82
706,FLAT F 17/F BLOCK 22 PHASE 3 PARK ISLAND,15,3/11/2017,5.95,532,678,11184,8776,4861,143
707,FLAT E 18/F TOWER 30 PHASE 5 OCEANCREST PARK ISLAND,14,2/11/2017,9.2,762,997,12073,9228,2723,81
708,FLAT B 8/F TOWER 30 PHASE 5 OCEANCREST PARK ISLAND,14,2/11/2017,5.94,499,676,11900,8784,1686,36
709,FLAT E 16/F BLOCK 25 PHASE 3 PARK ISLAND,15,2/11/2017,5.3,490,653,10816,8116,4851,158
710,FLAT G 9/F BLOCK 9 PHASE 1 PARK ISLAND,18,1/11/2017,5.75,531,694,10829,8285,1212,40
711,FLAT F 10/F BLOCK 10 PHASE 1 PARK ISLAND,18,31/10/2017,5.5,531,694,10358,7925,1347,32
712,FLAT F 21/F TOWER 26 PHASE 5 OCEANCREST PARK ISLAND,14,31/10/2017,6.35,575,735,11043,8639,1253,23
713,FLAT C 26/F BLOCK 17 PHASE 1 PARK ISLAND,18,30/10/2017,5,378,498,13228,10040,3460,170
714,FLAT F 15/F BLOCK 25 PHASE 3 PARK ISLAND,15,27/10/2017,5.98,532,678,11241,8820,1239,42
715,FLAT A 16/F BLOCK 23 PHASE 3 PARK ISLAND,15,26/10/2017,5.6,607,797,9226,7026,4752,106
716,FLAT H 19/F TOWER 28 PHASE 5 OCEANCREST PARK ISLAND,14,24/10/2017,5.68,476,622,11933,9132,2527,93
717,FLAT M 6/F BLOCK 17 PHASE 1 PARK ISLAND,18,23/10/2017,4.6,366,496,12568,9274,2428,111
718,FLAT G 16/F TOWER 28 PHASE 5 OCEANCREST PARK ISLAND,14,17/10/2017,6.1,526,706,11597,8640,1890,56
719,FLAT G 17/F BLOCK 8 PHASE 1 PARK ISLAND,18,16/10/2017,6.02,531,694,11337,8674,2902,148
720,FLAT F 26/F BLOCK 23 PHASE 3 PARK ISLAND,15,16/10/2017,6.3,532,678,11842,9292,2534,91
721,FLAT F 7/F BLOCK 15 PHASE 1 PARK ISLAND,18,12/10/2017,5.18,520,681,9962,7606,2718,108
722,FLAT B 9/F TOWER 28 PHASE 5 OCEANCREST PARK ISLAND,14,12/10/2017,7.68,674,916,11395,8384,2076,51
723,NO. 242 2/F NO. 242 MA WAN MAIN STREET VILLAGE CENTRAL MA WAN MAIN STREET VILLAGE CENTRAL  (with roof),0,11/10/2017,6.3,-,-,-,-,-,
724,FLAT E 6/F BLOCK 25 PHASE 3 PARK ISLAND,15,11/10/2017,5.15,490,653,10510,7887,2688,114
725,NO. 7 1/F NO. 7 MA WAN MAIN STREET VILLAGE EAST MA WAN MAIN STREET VILLAGE EAST ,0,10/10/2017,5,-,-,-,-,-,
726,FLAT D 18/F BLOCK 7 PHASE 2 PARK ISLAND,18,10/10/2017,13,1155,-,11255,-,5510,88
727,FLAT E 31/F TOWER 27 PHASE 5 OCEANCREST PARK ISLAND,14,10/10/2017,5.5,598,750,9197,7333,3692,69
728,FLAT D 3/F BLOCK 8 PHASE 1 PARK ISLAND,18,9/10/2017,8.78,794,1027,11058,8549,3074,143
729,FLAT H 19/F BLOCK 1 PHASE 3 PARK ISLAND,15,9/10/2017,6.8,579,770,11744,8831,4829,165
730,FLAT E 10/F BLOCK 22 PHASE 3 PARK ISLAND,15,6/10/2017,5.03,490,653,10265,7703,4227,131
731,FLAT C 16/F BLOCK 18 PHASE 1 PARK ISLAND,18,3/10/2017,6,512,669,11719,8969,1562,42
732,FLAT H 28/F BLOCK 22 PHASE 3 PARK ISLAND,15,3/10/2017,5.95,490,653,12143,9112,2720,116
733,FLAT F 17/F BLOCK 9 PHASE 1 PARK ISLAND,18,28/9/2017,6,531,694,11299,8646,5497,250
734,FLAT H 19/F BLOCK 9 PHASE 1 PARK ISLAND,18,27/9/2017,6,537,706,11173,8499,5488,238
735,FLAT G 9/F BLOCK 6 PHASE 2 PARK ISLAND,18,25/9/2017,6,531,694,11299,8646,5500,244
736,FLAT H 9/F BLOCK 17 PHASE 1 PARK ISLAND,18,15/9/2017,4.94,361,488,13679,10119,2757,137
737,FLAT A 18/F BLOCK 11 PHASE 1 PARK ISLAND,18,14/9/2017,9,807,1042,11152,8637,5486,183
738,FLAT J 9/F BLOCK 17 PHASE 1 PARK ISLAND,18,13/9/2017,4.78,378,498,12646,9598,5476,207
739,FLAT E 19/F BLOCK 6 PHASE 2 PARK ISLAND,18,12/9/2017,6,537,706,11173,8499,42976,23
740,FLAT G 9/F BLOCK 2 PHASE 2 PARK ISLAND,18,11/9/2017,5,531,694,9416,7205,3431,109
741,FLAT D 2/F BLOCK 15 PHASE 1 PARK ISLAND,18,7/9/2017,8.7,774,993,11240,8761,4554,124
742,FLAT A 23/F BLOCK 20 PHASE 3 PARK ISLAND,15,7/9/2017,8.4,709,915,11848,9180,2389,76
743,FLAT D 17/F BLOCK 1 PHASE 3 PARK ISLAND,15,6/9/2017,9.8,837,1077,11708,9099,2685,93
744,FLAT E 28/F BLOCK 23 PHASE 3 PARK ISLAND,15,1/9/2017,6,490,653,12245,9188,3127,148
745,FLAT E 6/F BLOCK 2 PHASE 2 PARK ISLAND,18,1/9/2017,6.46,639,844,10110,7654,1782,35
746,FLAT D 6/F BLOCK 18 PHASE 1 PARK ISLAND,18,31/8/2017,6.72,611,792,10998,8485,3340,165
747,FLAT F 29/F BLOCK 1 PHASE 3 PARK ISLAND,15,31/8/2017,6.32,532,673,11880,9391,4790,140
748,FLAT E 9/F BLOCK 5 PHASE 2 PARK ISLAND,18,29/8/2017,7.4,594,759,12458,9750,2188,58
749,FLAT A 7/F BLOCK 21 PHASE 3 PARK ISLAND,15,29/8/2017,5,549,711,9107,7032,982,9
750,FLAT F 9/F BLOCK 10 PHASE 1 PARK ISLAND,18,25/8/2017,5.98,531,694,11262,8617,1556,48
751,FLAT G 8/F BLOCK 19 PHASE 3 PARK ISLAND,15,24/8/2017,5.72,532,678,10752,8437,3704,192
752,FLAT C 11/F BLOCK 10 PHASE 1 PARK ISLAND,18,18/8/2017,7.24,615,813,11764,8899,1326,23
753,FLAT D 21/F TOWER 30 PHASE 5 OCEANCREST PARK ISLAND,14,17/8/2017,7.3,648,855,11265,8538,2153,33
754,FLAT C 21/F TOWER 30 PHASE 5 OCEANCREST PARK ISLAND,14,17/8/2017,6.4,574,736,11150,8696,2153,49
755,FLAT F 8/F TOWER 29 PHASE 5 OCEANCREST PARK ISLAND,14,11/8/2017,5.4,575,735,9391,7347,3173,125
756,FLAT A 15/F TOWER 30 PHASE 5 OCEANCREST PARK ISLAND,14,11/8/2017,5.8,507,665,11440,8722,3978,165
757,FLAT E 2/F BLOCK 1 PHASE 3 PARK ISLAND,15,10/8/2017,5.4,505,672,10693,8036,4398,180
758,FLAT B 29/F BLOCK 20 PHASE 3 PARK ISLAND,15,9/8/2017,9,762,985,11811,9137,2361,75
759,FLAT C 26/F BLOCK 3 PHASE 2 PARK ISLAND,18,8/8/2017,9.9,710,914,13944,10832,1758,50
760,FLAT H 6/F BLOCK 20 PHASE 3 PARK ISLAND,15,3/8/2017,5.2,490,653,10612,7963,1962,70
761,FLAT H 10/F BLOCK 20 PHASE 3 PARK ISLAND,15,2/8/2017,5.2,490,653,10612,7963,2953,150
762,FLAT A 20/F TOWER 31 PHASE 5 OCEANCREST PARK ISLAND,14,1/8/2017,5.6,476,622,11765,9003,1098,33
763,FLAT F 16/F BLOCK 11 PHASE 1 PARK ISLAND,18,28/7/2017,5.88,531,694,11073,8473,1218,45
764,FLAT A 15/F BLOCK 6 PHASE 2 PARK ISLAND,18,27/7/2017,10.3,831,1075,12395,9581,1204,42
765,FLAT E 6/F TOWER 28 PHASE 5 OCEANCREST PARK ISLAND,14,14/7/2017,7.31,678,891,10779,8202,1096,30
766,FLAT F 6/F TOWER 28 PHASE 5 OCEANCREST PARK ISLAND,14,11/7/2017,6,575,735,10435,8163,1611,32
767,FLAT H 26/F TOWER 28 PHASE 5 OCEANCREST PARK ISLAND,14,5/7/2017,5.75,476,622,12080,9244,1622,36
768,FLAT L 25/F BLOCK 17 PHASE 1 PARK ISLAND,18,5/7/2017,4.75,360,488,13194,9734,3501,191
769,FLAT B 21/F TOWER 29 PHASE 5 OCEANCREST PARK ISLAND,14,5/7/2017,6.38,526,706,12129,9037,1989,60
770,FLAT A 2/F BLOCK 8 PHASE 1 PARK ISLAND,18,4/7/2017,8.66,794,1027,10907,8432,1582,27
771,FLAT E 26/F TOWER 26 PHASE 5 OCEANCREST PARK ISLAND,14,30/6/2017,6.58,574,747,11463,8809,2734,104
772,FLAT B 9/F BLOCK 7 PHASE 2 PARK ISLAND,18,29/6/2017,7,583,742,12007,9434,1720,42
773,FLAT B 30/F TOWER 26 PHASE 5 OCEANCREST PARK ISLAND,14,28/6/2017,6,545,710,11009,8451,3930,116
774,FLAT E 30/F TOWER 26 PHASE 5 OCEANCREST PARK ISLAND,14,27/6/2017,6.38,598,750,10669,8507,2933,114
775,FLAT E 10/F BLOCK 18 PHASE 1 PARK ISLAND,18,26/6/2017,5.38,497,648,10825,8302,2625,129
776,FLAT D 15/F BLOCK 3 PHASE 2 PARK ISLAND,18,22/6/2017,6.95,632,816,10997,8517,4712,146
777,FLAT A 30/F TOWER 28 PHASE 5 OCEANCREST PARK ISLAND,14,20/6/2017,5.9,499,626,11824,9425,1852,67
778,FLAT G 11/F BLOCK 10 PHASE 1 PARK ISLAND,18,19/6/2017,5.89,531,694,11089,8484,3312,147
779,FLAT A 1/F NO. 315 MA WAN MAIN STREET VILLAGE NORTH MA WAN MAIN STREET VILLAGE NORTH ,0,16/6/2017,4.5,-,-,-,-,-,
780,FLAT E 21/F BLOCK 15 PHASE 1 PARK ISLAND,18,15/6/2017,5.66,538,684,10520,8275,4608,165
781,FLAT C 15/F BLOCK 11 PHASE 1 PARK ISLAND,18,15/6/2017,8.18,668,878,12246,9317,1865,46
782,FLAT A 22/F BLOCK 20 PHASE 3 PARK ISLAND,15,14/6/2017,8.1,709,915,11425,8852,4727,133
783,FLAT D 15/F BLOCK 17 PHASE 1 PARK ISLAND,18,7/6/2017,4.88,378,498,12910,9799,2337,96
784,FLAT D 20/F BLOCK 1 PHASE 3 PARK ISLAND,15,6/6/2017,9.38,837,1077,11207,8709,4426,94
785,FLAT G 31/F TOWER 31 PHASE 5 OCEANCREST PARK ISLAND,14,5/6/2017,6.71,545,710,12306,9446,1430,24
786,FLAT H 5/F BLOCK 20 PHASE 3 PARK ISLAND,15,2/6/2017,5.3,490,653,10816,8116,4715,203
787,FLAT A 16/F BLOCK 21 PHASE 3 PARK ISLAND,15,1/6/2017,6,549,711,10929,8439,2276,72
788,FLAT A 3/F LUNA OCEAN (BLOCK 33) PHASE 6 ANA CAPRI PARK ISLAND,11,26/5/2017,15.58,1040,1300,14981,11985,1885,76
789,FLAT F 3/F BLOCK 8 PHASE 1 PARK ISLAND,18,25/5/2017,5.5,531,694,10358,7925,2205,63
790,FLAT C 18/F TOWER 29 PHASE 5 OCEANCREST PARK ISLAND,14,25/5/2017,6.4,575,735,11130,8707,3922,141
791,FLAT B 30/F BLOCK 19 PHASE 3 PARK ISLAND,15,25/5/2017,6.3,552,710,11413,8873,4030,90
792,FLAT A 30/F BLOCK 19 PHASE 3 PARK ISLAND,15,25/5/2017,6.3,552,710,11413,8873,4030,106
793,FLAT A 12/F BLOCK 8 PHASE 1 PARK ISLAND,18,25/5/2017,8.95,794,1027,11272,8715,5371,198
794,FLAT D 15/F BLOCK 2 PHASE 2 PARK ISLAND,18,24/5/2017,7.26,630,816,11524,8897,2199,82
795,FLAT D 18/F TOWER 29 PHASE 5 OCEANCREST PARK ISLAND,14,23/5/2017,8.45,762,997,11089,8475,3925,122
796,FLAT H 11/F TOWER 29 PHASE 5 OCEANCREST PARK ISLAND,14,22/5/2017,5,476,622,10504,8039,3044,135
797,FLAT F 23/F BLOCK 2 PHASE 2 PARK ISLAND,18,19/5/2017,6.35,531,694,11959,9150,2908,158
798,FLAT F 1/F BLOCK 9 PHASE 1 PARK ISLAND,18,19/5/2017,5.3,531,694,9981,7637,2950,176
799,FLAT D 8/F BLOCK 11 PHASE 1 PARK ISLAND,18,19/5/2017,9,807,1042,11152,8637,2408,64
800,FLAT A 28/F TOWER 27 PHASE 5 OCEANCREST PARK ISLAND,14,19/5/2017,5.78,531,667,10885,8666,1715,58
801,FLAT G 15/F TOWER 30 PHASE 5 OCEANCREST PARK ISLAND,14,18/5/2017,6,499,676,12024,8876,1139,32
802,FLAT E 19/F BLOCK 12 PHASE 1 PARK ISLAND,18,18/5/2017,5.88,537,706,10950,8329,3471,194
803,FLAT B 5/F BLOCK 11 PHASE 1 PARK ISLAND,18,18/5/2017,7,615,813,11382,8610,1715,33
804,FLAT C 5/F LUNA OCEAN (BLOCK 33) PHASE 6 ANA CAPRI PARK ISLAND,11,15/5/2017,13.45,910,1137,14780,11829,1888,74
805,FLAT A 29/F BLOCK 21 PHASE 3 PARK ISLAND,15,15/5/2017,6,549,711,10929,8439,3262,109
806,FLAT A 12/F BLOCK 1 PHASE 3 PARK ISLAND,15,15/5/2017,7.25,707,912,10255,7950,4596,98
807,FLAT G 2/F BLOCK 2 PHASE 2 PARK ISLAND,18,11/5/2017,5.75,531,694,10829,8285,5364,254
808,FLAT F 9/F BLOCK 7 PHASE 2 PARK ISLAND,18,11/5/2017,5.75,531,694,10829,8285,3528,197
809,FLAT D 19/F BLOCK 8 PHASE 1 PARK ISLAND,18,11/5/2017,16.8,1104,-,15217,-,2568,60
810,FLAT A 32/F BLOCK 21 PHASE 3 PARK ISLAND,15,10/5/2017,6.42,549,711,11694,9030,1098,33
811,FLAT B 32/F BLOCK 21 PHASE 3 PARK ISLAND,15,10/5/2017,6.7,566,718,11837,9331,1098,38
812,FLAT H 9/F BLOCK 16 PHASE 1 PARK ISLAND,18,9/5/2017,5.38,523,678,10287,7935,5359,280
813,FLAT B 8/F BLOCK 11 PHASE 1 PARK ISLAND,18,9/5/2017,7.2,615,813,11707,8856,1754,39
814,FLAT E 31/F BLOCK 21 PHASE 3 PARK ISLAND,15,9/5/2017,5.78,490,653,11796,8851,2141,49
815,FLAT C 20/F BLOCK 22 PHASE 3 PARK ISLAND,15,8/5/2017,8.25,758,981,10884,8410,3315,106
816,FLAT F 8/F BLOCK 19 PHASE 3 PARK ISLAND,15,5/5/2017,5.6,532,678,10526,8260,2845,159
817,FLAT E 31/F TOWER 31 PHASE 5 OCEANCREST PARK ISLAND,14,5/5/2017,8.15,715,895,11392,9101,3478,109
818,FLAT A 17/F BLOCK 3 PHASE 2 PARK ISLAND,18,5/5/2017,7.8,774,993,10078,7855,2401,53
819,FLAT H 7/F BLOCK 19 PHASE 3 PARK ISLAND,15,4/5/2017,5.38,490,653,10980,8239,1548,42
820,FLAT F 19/F TOWER 29 PHASE 5 OCEANCREST PARK ISLAND,14,4/5/2017,6.5,575,735,11304,8844,2670,100
821,FLAT L 22/F BLOCK 17 PHASE 1 PARK ISLAND,18,2/5/2017,4.9,360,488,13611,10041,1425,48
822,FLAT L 19/F BLOCK 17 PHASE 1 PARK ISLAND,18,2/5/2017,4.5,360,488,12500,9221,3237,144
823,FLAT H 26/F BLOCK 18 PHASE 1 PARK ISLAND,18,2/5/2017,5.65,499,652,11323,8666,1438,44
824,FLAT D 12/F BLOCK 13 PHASE 1 PARK ISLAND,18,28/4/2017,8.6,794,1027,10831,8374,2862,94
825,FLAT B 13/F BLOCK 5 PHASE 2 PARK ISLAND,18,27/4/2017,6,518,680,11583,8824,2409,78
826,FLAT F 11/F BLOCK 15 PHASE 1 PARK ISLAND,18,26/4/2017,4.85,520,681,9327,7122,4780,159
827,FLAT A 12/F TOWER 27 PHASE 5 OCEANCREST PARK ISLAND,14,25/4/2017,5.3,507,665,10454,7970,1671,41
828,FLAT H 17/F BLOCK 15 PHASE 1 PARK ISLAND,18,25/4/2017,5.6,523,678,10707,8260,5352,205
829,FLAT H 5/F BLOCK 8 PHASE 1 PARK ISLAND,18,24/4/2017,5.45,537,706,10149,7720,5343,230
830,FLAT F 16/F TOWER 27 PHASE 5 OCEANCREST PARK ISLAND,14,24/4/2017,5.26,574,736,9164,7147,2551,74
831,FLAT D 17/F BLOCK 6 PHASE 2 PARK ISLAND,18,21/4/2017,9.8,831,1075,11793,9116,2295,54
832,FLAT H 2/F BLOCK 6 PHASE 2 PARK ISLAND,18,21/4/2017,5.3,537,706,9870,7507,2239,71
833,FLAT B 1/F BLOCK 9 PHASE 1 PARK ISLAND,18,21/4/2017,5.94,583,742,10185,8003,2124,68
834,FLAT G 26/F BLOCK 17 PHASE 1 PARK ISLAND,18,20/4/2017,4.5,339,449,13274,10022,1642,136
835,FLAT G 6/F BLOCK 5 PHASE 2 PARK ISLAND,18,19/4/2017,5.41,518,680,10440,7953,4368,144
836,FLAT A 23/F BLOCK 22 PHASE 3 PARK ISLAND,15,18/4/2017,7.6,709,915,10719,8306,2226,56
837,FLAT F 30/F BLOCK 21 PHASE 3 PARK ISLAND,15,18/4/2017,6.25,532,678,11748,9218,2569,104
838,FLAT H 16/F BLOCK 19 PHASE 3 PARK ISLAND,15,13/4/2017,5.38,490,653,10980,8239,2607,115
839,FLAT B 10/F TOWER 27 PHASE 5 OCEANCREST PARK ISLAND,14,13/4/2017,5,499,676,10020,7396,3868,134
840,FLAT H 23/F BLOCK 25 PHASE 3 PARK ISLAND,15,12/4/2017,5.4,490,653,11020,8270,3295,125
841,FLAT H 13/F BLOCK 17 PHASE 1 PARK ISLAND,18,11/4/2017,4.58,361,488,12687,9385,1233,30
842,FLAT H 19/F BLOCK 23 PHASE 3 PARK ISLAND,15,10/4/2017,5.36,490,653,10939,8208,2044,59
843,FLAT E 10/F BLOCK 10 PHASE 1 PARK ISLAND,18,7/4/2017,5.46,537,706,10168,7734,5313,224
844,FLAT F 19/F BLOCK 13 PHASE 1 PARK ISLAND,18,7/4/2017,5,531,694,9416,7205,5311,227
845,FLAT E 8/F BLOCK 10 PHASE 1 PARK ISLAND,18,5/4/2017,5.48,537,706,10201,7759,2855,145
846,FLAT B 8/F TOWER 29 PHASE 5 OCEANCREST PARK ISLAND,14,3/4/2017,5.38,526,706,10228,7620,1079,16
847,FLAT H 27/F TOWER 29 PHASE 5 OCEANCREST PARK ISLAND,14,3/4/2017,5.38,476,622,11303,8650,1172,33
848,FLAT A 13/F TOWER 29 PHASE 5 OCEANCREST PARK ISLAND,14,3/4/2017,4.1,476,622,8613,6592,3867,94
849,FLAT H 21/F TOWER 31 PHASE 5 OCEANCREST PARK ISLAND,14,31/3/2017,5.28,476,622,11092,8489,3862,139
850,FLAT C 18/F TOWER 27 PHASE 5 OCEANCREST PARK ISLAND,14,31/3/2017,6.08,574,736,10592,8261,1335,22
851,FLAT F 3/F BLOCK 12 PHASE 1 PARK ISLAND,18,31/3/2017,5.55,531,694,10452,7997,2530,118
852,FLAT B 6/F TOWER 28 PHASE 5 OCEANCREST PARK ISLAND,14,30/3/2017,7.1,674,916,10534,7751,2883,111
853,FLAT D 28/F BLOCK 18 PHASE 1 PARK ISLAND,18,30/3/2017,7.7,611,792,12602,9722,2461,94
854,FLAT G 13/F BLOCK 10 PHASE 1 PARK ISLAND,18,29/3/2017,5.55,531,694,10452,7997,2744,132
855,FLAT H 22/F BLOCK 25 PHASE 3 PARK ISLAND,15,29/3/2017,5.39,490,653,11000,8254,3213,137
856,FLAT C 17/F BLOCK 18 PHASE 1 PARK ISLAND,18,28/3/2017,5.56,512,669,10859,8311,5315,241
857,FLAT A 19/F BLOCK 20 PHASE 3 PARK ISLAND,15,28/3/2017,7.25,709,915,10226,7923,2080,35
858,FLAT B 19/F BLOCK 20 PHASE 3 PARK ISLAND,15,28/3/2017,8.75,762,985,11483,8883,2080,46
859,FLAT H 9/F BLOCK 19 PHASE 3 PARK ISLAND,15,27/3/2017,5.2,490,653,10612,7963,4274,138
860,FLAT B 11/F TOWER 27 PHASE 5 OCEANCREST PARK ISLAND,14,24/3/2017,5.6,499,676,11222,8284,1365,25
861,FLAT H 29/F TOWER 30 PHASE 5 OCEANCREST PARK ISLAND,14,24/3/2017,5.51,531,667,10377,8261,2061,55
862,FLAT L 17/F BLOCK 17 PHASE 1 PARK ISLAND,18,23/3/2017,4.45,360,488,12361,9119,5313,243
863,FLAT F 18/F BLOCK 8 PHASE 1 PARK ISLAND,18,23/3/2017,5.7,531,694,10734,8213,2627,105
864,FLAT C 21/F BLOCK 22 PHASE 3 PARK ISLAND,15,23/3/2017,8,758,981,10554,8155,4433,101
865,FLAT B 15/F BLOCK 6 PHASE 2 PARK ISLAND,18,22/3/2017,8.2,678,891,12094,9203,2479,106
866,FLAT B 6/F TOWER 26 PHASE 5 OCEANCREST PARK ISLAND,14,22/3/2017,5.15,526,706,9791,7295,3845,139
867,FLAT B 26/F TOWER 29 PHASE 5 OCEANCREST PARK ISLAND,14,22/3/2017,5.16,526,706,9810,7309,1296,0
868,FLAT G 1/F BLOCK 13 PHASE 1 PARK ISLAND,18,21/3/2017,5.23,531,694,9849,7536,3946,171
869,FLAT H 3/F BLOCK 8 PHASE 1 PARK ISLAND,18,21/3/2017,5.35,537,706,9963,7578,2187,68
870,FLAT B 29/F BLOCK 23 PHASE 3 PARK ISLAND,15,20/3/2017,7.55,707,912,10679,8279,3447,131
871,FLAT E 18/F BLOCK 10 PHASE 1 PARK ISLAND,18,20/3/2017,5.35,537,706,9963,7578,4081,143
872,FLAT B 20/F BLOCK 20 PHASE 3 PARK ISLAND,15,17/3/2017,7.7,762,985,10105,7817,2410,65
873,FLAT D 22/F BLOCK 23 PHASE 3 PARK ISLAND,15,16/3/2017,6.7,617,800,10859,8375,2629,96
874,FLAT C 11/F BLOCK 15 PHASE 1 PARK ISLAND,18,15/3/2017,8.6,781,1001,11012,8591,3287,82
875,FLAT L 11/F BLOCK 17 PHASE 1 PARK ISLAND,18,15/3/2017,4.2,360,488,11667,8607,2108,57
876,FLAT C 26/F TOWER 31 PHASE 5 OCEANCREST PARK ISLAND,14,15/3/2017,6.45,575,735,11217,8776,1650,43
877,FLAT C 26/F BLOCK 25 PHASE 3 PARK ISLAND,15,15/3/2017,8.24,759,981,10854,8398,4260,111
878,FLAT B 18/F BLOCK 21 PHASE 3 PARK ISLAND,15,14/3/2017,6,566,718,10601,8357,2100,47
879,FLAT G 22/F BLOCK 22 PHASE 3 PARK ISLAND,15,14/3/2017,5.45,532,678,10244,8038,2404,99
880,FLAT C 19/F BLOCK 13 PHASE 1 PARK ISLAND,18,13/3/2017,6.44,592,742,10875,8677,4697,124
881,FLAT B 9/F BLOCK 6 PHASE 2 PARK ISLAND,18,8/3/2017,7,668,878,10479,7973,2398,65
882,FLAT A 8/F BLOCK 25 PHASE 3 PARK ISLAND,15,7/3/2017,5.98,617,800,9692,7475,4624,140
883,FLAT C 17/F BLOCK 6 PHASE 2 PARK ISLAND,18,6/3/2017,6.88,623,826,11043,8329,2413,70
884,FLAT H 15/F BLOCK 2 PHASE 2 PARK ISLAND,18,6/3/2017,6.45,628,829,10271,7780,5294,197
885,FLAT H 18/F BLOCK 5 PHASE 2 PARK ISLAND,18,3/3/2017,5.57,522,686,10667,8117,3409,170
886,FLAT D 16/F BLOCK 17 PHASE 1 PARK ISLAND,18,3/3/2017,4.5,378,498,11905,9036,1027,22
887,FLAT D 19/F BLOCK 6 PHASE 2 PARK ISLAND,18,2/3/2017,15.5,1186,1572,13069,9860,2569,40
888,FLAT E 18/F BLOCK 15 PHASE 1 PARK ISLAND,18,1/3/2017,5.14,529,688,9713,7468,1569,28
889,FLAT B 21/F TOWER 26 PHASE 5 OCEANCREST PARK ISLAND,14,28/2/2017,5.67,526,706,10776,8028,3467,150
890,FLAT H 25/F BLOCK 3 PHASE 2 PARK ISLAND,18,28/2/2017,5.86,524,688,11183,8517,2153,59
891,FLAT E 21/F TOWER 26 PHASE 5 OCEANCREST PARK ISLAND,14,27/2/2017,6.06,574,747,10557,8112,2332,58
892,FLAT A 16/F BLOCK 10 PHASE 1 PARK ISLAND,18,24/2/2017,8.9,807,1042,11029,8541,5288,192
893,NO. 233 1/F NO. 233 MA WAN MAIN STREET VILLAGE CENTRAL MA WAN MAIN STREET VILLAGE CENTRAL ,0,24/2/2017,4.95,-,-,-,-,-,
894,FLAT C 9/F TOWER 30 PHASE 5 OCEANCREST PARK ISLAND,14,21/2/2017,5.93,574,736,10331,8057,2161,68
895,FLAT E 23/F TOWER 26 PHASE 5 OCEANCREST PARK ISLAND,14,21/2/2017,6,574,747,10453,8032,3313,100
896,FLAT C 5/F AQUA OCEAN (BLOCK 35) PHASE 6 ANA CAPRI PARK ISLAND,11,15/2/2017,12.73,910,1137,13987,11194,1796,68
897,FLAT F 6/F TOWER 31 PHASE 5 OCEANCREST PARK ISLAND,14,15/2/2017,5.25,575,735,9130,7143,2109,59
898,FLAT E 21/F BLOCK 1 PHASE 3 PARK ISLAND,15,14/2/2017,5.3,505,672,10495,7887,1651,46
899,FLAT D 31/F BLOCK 25 PHASE 3 PARK ISLAND,15,13/2/2017,6,591,775,10152,7742,3205,57
900,FLAT A 6/F BLOCK 12 PHASE 1 PARK ISLAND,18,10/2/2017,7,807,1042,8674,6718,2346,40
901,FLAT B 6/F LUNA OCEAN (BLOCK 33) PHASE 6 ANA CAPRI PARK ISLAND,11,10/2/2017,18,1397,1746,12885,10309,1773,21
902,FLAT H 21/F BLOCK 11 PHASE 1 PARK ISLAND,18,9/2/2017,5.75,537,706,10708,8144,1620,34
903,FLAT H 7/F BLOCK 15 PHASE 1 PARK ISLAND,18,9/2/2017,5.08,523,678,9713,7493,5266,212
904,FLAT F 31/F BLOCK 23 PHASE 3 PARK ISLAND,15,9/2/2017,6.17,532,678,11594,9097,2266,76
905,FLAT C 10/F BLOCK 19 PHASE 3 PARK ISLAND,15,8/2/2017,8.5,848,1092,10021,7782,3906,89
906,FLAT H 18/F BLOCK 13 PHASE 1 PARK ISLAND,18,8/2/2017,5.5,537,706,10242,7790,5250,232
907,FLAT C 16/F TOWER 31 PHASE 5 OCEANCREST PARK ISLAND,14,7/2/2017,5.86,575,735,10191,7973,1109,22
908,NO. 254 1/F NO. 254 MA WAN MAIN STREET VILLAGE CENTRAL MA WAN MAIN STREET VILLAGE CENTRAL ,0,6/2/2017,4.42,-,-,-,-,1103,43
909,FLAT B 17/F BLOCK 7 PHASE 2 PARK ISLAND,18,6/2/2017,6.38,592,754,10777,8462,2639,79
910,FLAT B 15/F BLOCK 13 PHASE 1 PARK ISLAND,18,2/2/2017,6.3,583,742,10806,8491,1872,47
911,FLAT B 12/F BLOCK 12 PHASE 1 PARK ISLAND,18,26/1/2017,7.1,668,878,10629,8087,3334,109
912,FLAT F 8/F BLOCK 8 PHASE 1 PARK ISLAND,18,25/1/2017,5.38,531,694,10132,7752,5240,216
913,FLAT D 3/F BLOCK 11 PHASE 1 PARK ISLAND,18,25/1/2017,8.18,807,1042,10136,7850,2408,84
914,FLAT A 17/F TOWER 27 PHASE 5 OCEANCREST PARK ISLAND,14,25/1/2017,4.95,507,665,9763,7444,2643,93
915,FLAT D 12/F BLOCK 9 PHASE 1 PARK ISLAND,18,24/1/2017,8.65,794,1027,10894,8423,1452,20
916,FLAT E 15/F BLOCK 3 PHASE 2 PARK ISLAND,18,24/1/2017,5.46,549,720,9945,7583,2779,116
917,FLAT G 19/F BLOCK 16 PHASE 1 PARK ISLAND,18,18/1/2017,5.46,534,681,10225,8018,2103,65
918,FLAT G 21/F BLOCK 10 PHASE 1 PARK ISLAND,18,16/1/2017,5.88,531,694,11073,8473,5249,212
919,FLAT F 2/F BLOCK 6 PHASE 2 PARK ISLAND,18,13/1/2017,5.1,531,694,9605,7349,2156,70
920,FLAT D 2/F BLOCK 16 PHASE 1 PARK ISLAND,18,12/1/2017,4.9,529,688,9263,7122,4159,130
921,NO. 106 2/F NO. 106 MA WAN MAIN STREET VILLAGE SOUTH MA WAN MAIN STREET VILLAGE SOUTH  (with roof),0,12/1/2017,6.15,-,-,-,-,-,
922,FLAT G 6/F TOWER 27 PHASE 5 OCEANCREST PARK ISLAND,14,11/1/2017,4.87,499,676,9756,7201,3779,138
923,FLAT A 23/F TOWER 31 PHASE 5 OCEANCREST PARK ISLAND,14,11/1/2017,5.26,476,622,11050,8457,2213,75
924,FLAT A 6/F BLOCK 23 PHASE 3 PARK ISLAND,15,3/1/2017,5.74,607,797,9456,7202,1484,32
925,NO. 101 G/F NO. 101 MA WAN MAIN STREET VILLAGE SOUTH MA WAN MAIN STREET VILLAGE SOUTH ,0,3/1/2017,4.88,-,-,-,-,-,
926,FLAT E 15/F BLOCK 12 PHASE 1 PARK ISLAND,18,3/1/2017,5.28,537,706,9832,7479,5238,227